	age	appMode	appPhase	appType	first_name	gender	id	interactionAt	interactionType	last_name	occupation	participantId	party	policy_strength_ban_abortion_after_6_weeks	political_experience	processed_at	relativeInteractionAt	religion
0	0.0	live	phase_1	CONTROL	0.0	0.0	0.0	1584392858108	mouseout	0.0	0.0	r9cpBWj7l0iV	0.0	0.0	0.0	1584392858124	18.67199993133545	0.0
1	0.0	live	phase_1	CONTROL	0.0	0.0	0.0	1584392865933	mouseout	0.0	0.0	r9cpBWj7l0iV	0.0	0.0	0.0	1584392865947	26.496999979019165	0.0
2	0.0	live	phase_1	CONTROL	0.0	0.0	0.0	1584392866875	mouseout	0.0	0.0	r9cpBWj7l0iV	0.0	0.0	0.0	1584392866886	27.438999891281128	0.0
3	0.0	live	phase_1	CONTROL	0.0	0.0	0.0	1584392869026	mouseout	0.0	0.0	r9cpBWj7l0iV	0.0	0.0	0.0	1584392869038	29.58999991416931	0.0
4	0.0	live	phase_1	CONTROL	0.0	0.0	0.0	1584392870147	mouseout	0.0	0.0	r9cpBWj7l0iV	0.0	0.0	0.0	1584392870157	30.710999965667725	0.0
5	0.0	live	phase_1	CONTROL	0.0	0.0	0.0	1584392875506	mouseout	0.0	0.0	r9cpBWj7l0iV	0.0	0.0	0.0	1584392875524	36.0699999332428	0.0
6	0.0	live	phase_1	CONTROL	0.0	0.0	0.0	1584392877536	mouseout	0.0	0.0	r9cpBWj7l0iV	0.0	0.0	0.0	1584392877552	38.09999990463257	0.0
7	0.0	live	phase_1	CONTROL	0.0	0.0	0.0	1584392877879	mouseout	0.0	0.0	r9cpBWj7l0iV	0.0	0.0	0.0	1584392877925	38.442999839782715	0.0
8	0.0	live	phase_1	CONTROL	0.0	0.0	0.0	1584392878188	mouseout	0.0	0.0	r9cpBWj7l0iV	0.0	0.0	0.0	1584392878206	38.751999855041504	0.0
9	0.9911976519909454	live	phase_1	CONTROL	0.9750605334652009	0.6379498077996416	0.8769234938233901	1584392880037	mouseout	0.7026206399789767	0.4477615040919647	r9cpBWj7l0iV	0.8749135246717683	0.8437029630116749	0.7987444092457798	1584392880050	40.60099983215332	0.44831448719095157
10	0.9971227587206886	live	phase_1	CONTROL	0.9995711729887204	0.53106123047733	0.9901426420732989	1584392881952	mouseout	0.9668812480117087	0.857265530587225	r9cpBWj7l0iV	0.9265732232532228	0.8863854094093343	0.8352066136835127	1584392881965	42.51599979400635	0.40238002074068224
11	0.9923417190870166	live	phase_1	CONTROL	0.9992028979268255	0.4209002580460812	0.9803960499521408	1584392885435	mouseout	0.9465665555296419	0.9005143608584509	r9cpBWj7l0iV	0.957417202484989	0.9227561871965385	0.8647052564248998	1584392885450	45.99899983406067	0.32514360449113133
12	0.983835909115362	live	phase_1	CONTROL	0.9986388590662394	0.3106254783458213	0.9657481809164977	1584392900144	mouseout	0.9209321584091006	0.8592416927087315	r9cpBWj7l0iV	0.9755344495966493	0.9501179555323064	0.8886284390927897	1584392900158	60.70799994468689	0.2735681889591448
13	0.9663814339552006	live	phase_1	CONTROL	0.99782393606894	0.20264852988863558	0.9457330820067953	1584392902027	mouseout	0.8904293426316838	0.9107788885479894	r9cpBWj7l0iV	0.9454014986358388	0.8871653618847328	0.9080806721892739	1584392902041	62.59099984169006	0.23264285017744757
14	0.9593610768106269	live	phase_1	CONTROL	0.9966984627550787	0.09871222681996705	0.9202792121493354	1584392903126	mouseout	0.8556989959764346	0.9512286346655526	r9cpBWj7l0iV	0.8946335456877145	0.7862502243482381	0.9239396916583992	1584392903141	63.68999981880188	0.200546579722507
15	0.9529757028653231	live	phase_1	CONTROL	0.995198575646354	0.47816060966638485	0.889650640454753	1584392903404	mouseout	0.8174738833871935	0.9030237167686139	r9cpBWj7l0iV	0.9341924689160159	0.8544036827022821	0.9369036030946073	1584392903443	63.96799993515015	0.17562998406467456
16	0.9615033142732801	live	phase_1	CONTROL	0.9996400631646666	0.7399473406850811	0.9744741985720935	1584392904934	mouseout	0.953898114985928	0.8386358653244586	r9cpBWj7l0iV	0.9594857017445702	0.9046745720918574	0.9475286890688164	1584392904953	65.49799990653992	0.1564953468445105
17	0.9684018525407236	live	phase_1	CONTROL	0.9983792989111494	0.673558511291301	0.9602809685672299	1584392917726	mouseout	0.9339820300622182	0.7953147996289585	r9cpBWj7l0iV	0.9239264593856873	0.8270404760716983	0.9562592790258877	1584392917745	78.28999996185303	0.14200515036666972
18	0.9122185116541154	live	phase_1	CONTROL	0.9953778906119101	0.6018479058011303	0.9417520230068599	1584392920853	mouseout	0.9097751425662898	0.7066203864699196	r9cpBWj7l0iV	0.8703774204490402	0.720782020709168	0.9634512065206262	1584392920869	81.41699981689453	0.13125754541180545
19	0.9279182904922672	live	phase_1	CONTROL	0.9935117611875381	0.5260795798278615	0.918687557773276	1584392922586	mouseout	0.8814033994099808	0.6780129473346703	r9cpBWj7l0iV	0.7964590939310776	0.5918535889279047	0.9693902010585108	1584392922606	83.14999985694885	0.36338236689233394
20	0.9406809273668826	live	phase_1	CONTROL	0.991127447917407	0.4475066639983939	0.8910965932916777	1584392923701	mouseout	0.8491478448799451	0.6835598296059395	r9cpBWj7l0iV	0.8606222064053746	0.7029419666413843	0.9743063177187563	1584392923721	84.2649998664856	0.32892495696247004
21	0.9626017269285743	live	phase_1	CONTROL	0.9985722268944174	0.36731571571736754	0.9618708571471366	1584392925251	mouseout	0.9455112976899883	0.582021419002383	r9cpBWj7l0iV	0.9062425157390238	0.7915653859763121	0.9783852784595002	1584392925268	85.81499981880188	0.8223881642800118
22	0.9595631566102677	live	phase_1	CONTROL	0.9963401720082076	0.6326794646704939	0.945409364780462	1584392925677	mouseout	0.9255357700646005	0.6168748024214384	r9cpBWj7l0iV	0.8521755059956132	0.8059621199805393	0.9817774071445913	1584392925693	86.2409999370575	0.8453287805102445
23	0.9770989540764541	live	phase_1	CONTROL	0.9972961106731101	0.5672324193322154	0.9803960499521408	1584392928199	mouseout	0.9268392693328834	0.7031911285058512	r9cpBWj7l0iV	0.8987227833667238	0.8765864419456919	0.9846046873134444	1584392928216	88.76299977302551	0.8129198864094758
24	0.9827343766460995	live	phase_1	CONTROL	0.9960839314681904	0.49875889951341634	0.9705059301420923	1584392929382	mouseout	0.9035040371434662	0.6144921547439106	r9cpBWj7l0iV	0.9316977574163556	0.9042956792222883	0.9869663523085742	1584392929396	89.94599986076355	0.778850559021536
25	0.991266377073829	live	phase_1	CONTROL	0.9964645778310713	0.428107736402082	0.9888941236761043	1584392932914	mouseout	0.9599596607561506	0.5025200451128022	r9cpBWj7l0iV	0.8919906821844592	0.8444085581608228	0.9889433250955212	1584392932933	93.4779999256134	0.7437410499998497
26	0.995650001733141	live	phase_1	CONTROL	0.9998935172387274	0.356098066220349	0.99919208415758	1584392934779	mouseout	0.9963384875688606	0.7552253973264711	r9cpBWj7l0iV	0.925961735984714	0.8800723268411624	0.9906017540511456	1584392934794	95.34299993515015	0.7081844588238692
27	0.9925064639719859	live	phase_1	CONTROL	0.9998133852523665	0.6031824077852171	0.9984684176786791	1584392935636	mouseout	0.9938878339919177	0.6828211020619565	r9cpBWj7l0iV	0.9499612492422859	0.9338638365014118	0.9919958363022109	1584392935674	96.19999980926514	0.6727227663455255
28	0.9877058144905332	live	phase_1	CONTROL	0.9996851669023279	0.5427461061798073	0.9972586670832849	1584392953114	mouseout	0.990257123279267	0.6144555352255998	r9cpBWj7l0iV	0.9206952756464222	0.8929102223325698	0.9931700780455526	1584392953136	113.67799997329712	0.6378314383584647
29	0.9806906611135591	live	phase_1	CONTROL	0.9992028979268255	0.4798900182571382	0.9953385266999213	1584392954471	mouseout	0.9850966900723495	0.5555977027103431	r9cpBWj7l0iV	0.8806000796105529	0.8377372507603027	0.9941611087281825	1584392954487	115.03499984741211	0.6039114891088964
30	0.9708369626017116	live	phase_1	CONTROL	0.9978961821460077	0.415234722133901	0.9924292527642786	1584392956253	mouseout	0.991066667981541	0.5098048714265722	r9cpBWj7l0iV	0.8282997187046033	0.7684513615269172	0.994999140760483	1584392956269	116.81699991226196	0.5712875583921464
31	0.9838178553527229	live	phase_1	CONTROL	0.9999823841044412	0.3493870360672462	0.9998112388787228	1584392965183	mouseout	0.9997803177708722	0.8181952465853716	r9cpBWj7l0iV	0.875807606552784	0.801124454523561	0.9957091468657161	1584392965200	125.74699997901917	0.54021049050225
32	0.9757357563121614	live	phase_1	CONTROL	0.999966935347267	0.282925594101493	0.9996255239924781	1584392980775	mouseout	0.999573933239981	0.6928875196786155	r9cpBWj7l0iV	0.8242032384281766	0.7241979933134634	0.9963118119314345	1584392980790	141.33899998664856	0.5108630102104335
33	0.9863912188960543	live	phase_1	CONTROL	0.9999999747072748	0.21638989395053732	0.9999987260475456	1584392984397	mouseout	0.9999986145590207	0.9301575210972877	r9cpBWj7l0iV	0.8715372244163768	0.7652748698707168	0.9968243043304051	1584392984419	144.96099996566772	0.4833672913511612
34	0.9924807492049669	live	phase_1	CONTROL	0.9999999999990034	0.15027254578804194	0.9999999996906778	1584392994270	mouseout	0.9999999996890131	0.9914929602067053	r9cpBWj7l0iV	0.9074453753899988	0.80651496120678	0.9972609023624804	1584392994288	154.83399987220764	0.45779345053861165
35	0.995898576346584	live	phase_1	CONTROL	0.99999999999615	0.08501435311394856	0.9999999987993909	1584392997202	mouseout	0.9999999988152989	0.9878514560720215	r9cpBWj7l0iV	0.867736489084603	0.7315371669925095	0.9976335041543258	1584392997225	157.76599979400635	0.4341682346058404
36	0.993583075559947	live	phase_1	CONTROL	0.9999999999984892	0.021001810581446456	0.9999999993378927	1584393030506	mouseout	0.999999999366408	0.9838311019035207	r9cpBWj7l0iV	0.8176421263382704	0.6440703673110268	0.997952043595684	1584393030526	191.0699999332428	0.41248338366139037
37	0.9964573196201619	live	phase_1	CONTROL	1.0	0.041433405116731326	0.9999999999999808	1584393033371	mouseout	0.9999999999999835	0.9986281784861257	r9cpBWj7l0iV	0.8643585295486006	0.7009726168029204	0.9982248303460293	1584393033391	193.93499994277954	0.3927033315967793
38	0.9945085530151682	live	phase_1	CONTROL	1.0	0.10201335815765811	0.9999999999999982	1584393040477	add_to_list_via_scatterplot_click	0.9999999999999986	0.9987173587339359	r9cpBWj7l0iV	0.8150504090532872	0.6106003622573943	0.9984588283492989	1584393040494	201.04099988937378	0.37477204943703357
39	0.9917379539103734	live	phase_1	CONTROL	1.0	0.1605115636757346	1.0	1584393042084	mouseout	1.0	0.9992129866190886	r9cpBWj7l0iV	0.7553931491720738	0.5122663793021224	0.998659884441847	1584393042100	202.64800000190735	0.35861894573633357
40	0.9952874091242196	live	phase_1	CONTROL	1.0	0.2167498157527057	1.0	1584393043073	add_to_list_via_scatterplot_click	1.0	0.9999514095092696	r9cpBWj7l0iV	0.8128477737424651	0.5825036197321604	0.9988329163706652	1584393043091	203.63699984550476	0.3441638164169665
41	0.9974501286243287	live	phase_1	CONTROL	1.0	0.27059441752330204	1.0	1584393043834	mouseout	1.0	0.9999980577957289	r9cpBWj7l0iV	0.8587084385710462	0.6521104835024838	0.9989820677312846	1584393043854	204.39800000190735	0.3313208892108407
42	0.9986461590539407	live	phase_1	CONTROL	1.0	0.32195205098884805	1.0	1584393045835	mouseout	1.0	0.9999969641163549	r9cpBWj7l0iV	0.8109904706197937	0.5600939135330307	0.9991108358908312	1584393045852	206.3989999294281	0.3200020404868774
43	0.9979870724605323	live	phase_1	CONTROL	1.0	0.07692489925550983	1.0	1584393048333	mouseout	1.0	0.9999943241768853	r9cpBWj7l0iV	0.8563660224841656	0.6345033469046316	0.9992221778057178	1584393048370	208.89699983596802	0.6928446257468799
44	0.9970746003726424	live	phase_1	CONTROL	1.0	0.17010361679134567	1.0	1584393051493	mouseout	1.0	0.9999900338723672	r9cpBWj7l0iV	0.8921886527659803	0.7034625095934737	0.9993185977159591	1584393051511	212.0569999217987	0.9635231184863893
45	0.9958377527749319	live	phase_1	CONTROL	1.0	0.11264957160888811	1.0	1584393053778	mouseout	1.0	0.9999834917744769	r9cpBWj7l0iV	0.8543048413036988	0.6215273777760681	0.9994022199523441	1584393053797	214.3420000076294	0.9583511536722499
46	0.994193892967206	live	phase_1	CONTROL	1.0	0.055863070584989516	1.0	1584393054264	mouseout	1.0	0.9999740995265326	r9cpBWj7l0iV	0.8081647742878104	0.532286382545268	0.9994748494918263	1584393054281	214.82799983024597	0.952857928025687
47	0.9967122083682008	live	phase_1	CONTROL	1.0	0.0	1.0	1584393055328	mouseout	1.0	0.9999613672625302	r9cpBWj7l0iV	0.8524986000973714	0.6130267804832361	0.999538022411351	1584393055349	215.89199995994568	0.9844512046359581
48	0.9954177725322222	live	phase_1	CONTROL	1.0	0.05471295725729597	1.0	1584393060598	mouseout	1.0	0.9999450314080336	r9cpBWj7l0iV	0.8071342960218911	0.5263832598812113	0.9995930479978581	1584393060622	221.1619999408722	0.9817759763034805
49	0.9973902718776619	live	phase_1	CONTROL	1.0	0.10807851259365087	1.0	1584393072370	mouseout	1.0	0.9999972441520689	r9cpBWj7l0iV	0.850923813760294	0.6087239335772127	0.9996410439540447	1584393072386	232.9339997768402	0.9788396608732135
50	0.9963664364610226	live	phase_1	CONTROL	1.0	0.1599283555597225	1.0	1584393076385	mouseout	1.0	0.9999955638318884	r9cpBWj7l0iV	0.8860793344659883	0.6833904473659651	0.9996829658810847	1584393076408	236.94899988174438	0.9768532651669786
51	0.9979186873968076	live	phase_1	CONTROL	1.0	0.2101222423877369	1.0	1584393078318	mouseout	1.0	0.9999917917679446	r9cpBWj7l0iV	0.8495594714293975	0.6082576543935824	0.9997196320092351	1584393078340	238.88199996948242	0.9989873174237034
52	0.9988195113809849	live	phase_1	CONTROL	1.0	0.25854669381505424	1.0	1584393080551	mouseout	1.0	0.9999879625826285	r9cpBWj7l0iV	0.8844370336619299	0.6831230621263918	0.9997517439758491	1584393080570	241.11500000953674	0.9998227465905064
53	0.9983324871567796	live	phase_1	CONTROL	1.0	0.30511339762752665	1.0	1584393083117	mouseout	1.0	0.9999830775988455	r9cpBWj7l0iV	0.9121727162094131	0.6942042368650495	0.9997799043103156	1584393083139	243.68099999427795	0.9997115447846506
54	0.9976835941372544	live	phase_1	CONTROL	1.0	0.34975740103510067	1.0	1584393095459	mouseout	1.0	0.9999749950920886	r9cpBWj7l0iV	0.9339330632479442	0.7516025579178989	0.9998046311708952	1584393095477	256.02300000190735	0.9997372700594197
55	0.9974912969322968	live	phase_1	CONTROL	1.0	0.13592106695572514	1.0	1584393095734	mouseout	1.0	0.9999575969737361	r9cpBWj7l0iV	0.9105983705153298	0.7920923432245521	0.9998263707845292	1584393095774	256.2979998588562	0.9998238229723839
56	0.9984718415509201	live	phase_1	CONTROL	1.0	0.08445530356911524	1.0	1584393097092	mouseout	1.0	0.9999331937942353	r9cpBWj7l0iV	0.8816549284777618	0.8512162223231098	0.9998455079636076	1584393097117	257.6559998989105	0.9999119429140871
57	0.9978105791752199	live	phase_1	CONTROL	1.0	0.03354252674637159	1.0	1584393103972	mouseout	1.0	0.9999076848568008	r9cpBWj7l0iV	0.8465501813813432	0.9082255832633532	0.9998623750102709	1584393103994	264.53599977493286	0.9998758804031221
58	0.9969174041318754	live	phase_1	CONTROL	1.0	0.01663222288005195	1.0	1584393107023	mouseout	1.0	0.9998917364730487	r9cpBWj7l0iV	0.8048681582953531	0.8769904268893239	0.9998772592665753	1584393107043	267.5869998931885	0.9998276150693366
59	0.9957308026402214	live	phase_1	CONTROL	1.0	0.06590182281900303	1.0	1584393109271	mouseout_from_list	1.0	0.9999199462873395	r9cpBWj7l0iV	0.756365538958097	0.8395005759904557	0.9998904095257434	1584393109291	269.8349997997284	0.9997639145188414
60	0.9973122309182867	live	phase_1	CONTROL	1.0	0.11411745396437767	1.0	1584393110936	mouseout_from_list	1.0	0.99999430157136	r9cpBWj7l0iV	0.8048676412826015	0.8574392668931435	0.9999020414840788	1584393110959	271.5	0.9996809512872907
61	0.9962883809787036	live	phase_1	CONTROL	1.0	0.16114865047869786	1.0	1584393119591	mouseout	1.0	0.9999915085477938	r9cpBWj7l0iV	0.8452980707814295	0.8758075454308358	0.9999123423836207	1584393119613	280.15499997138977	0.9998658094757819
62	0.9949508386400437	live	phase_1	CONTROL	1.0	0.20688305986771038	1.0	1584393138785	mouseout	1.0	0.9999864733698511	r9cpBWj7l0iV	0.8049852572966445	0.8375343558556104	0.999921474971146	1584393138810	299.3489999771118	0.9997248881445978
63	0.9958404351646727	live	phase_1	CONTROL	1.0	0.25122595829345284	1.0	1584393140442	mouseout	1.0	0.999981163075424	r9cpBWj7l0iV	0.8448609114509815	0.8591192762112986	0.9999295808788035	1584393140466	301.0059998035431	0.9999081205372543
64	0.9965712469597504	live	phase_1	CONTROL	1.0	0.04751332419396692	1.0	1584393141740	mouseout	1.0	0.9999717931190074	r9cpBWj7l0iV	0.8777682334988726	0.879989095046991	0.9999367835147633	1584393141767	302.30399990081787	0.9999760808717014
65	0.9971718284440639	live	phase_1	CONTROL	1.0	0.156253950006503	1.0	1584393145290	mouseout	1.0	0.999960193714495	r9cpBWj7l0iV	0.8445357968295051	0.9239332531076797	0.9999431905381814	1584393145319	305.85399985313416	0.9999951173238432
66	0.9976655951925497	live	phase_1	CONTROL	1.0	0.3472489305862615	1.0	1584393145938	mouseout	1.0	0.9999468975963114	r9cpBWj7l0iV	0.8770878363836657	0.934719884840682	0.9999488959810275	1584393145961	306.5019998550415	0.9999992132501553
67	0.9980717412086517	live	phase_1	CONTROL	1.0	0.5154867609249187	1.0	1584393155301	mouseout	1.0	0.9999211341189036	r9cpBWj7l0iV	0.9037098865417692	0.944904113285791	0.9999539820695138	1584393155327	315.86500000953674	0.9999999695922854
68	0.9984059959281	live	phase_1	CONTROL	1.0	0.6551271974905913	1.0	1584393162733	mouseout	1.0	0.9998999692544965	r9cpBWj7l0iV	0.8765071836996321	0.9675850040985358	0.9999585207896385	1584393162754	323.29699993133545	0.9999999958324362
69	0.9986812477665785	live	phase_1	CONTROL	1.0	0.7646210571537777	1.0	1584393164814	mouseout	1.0	0.9998793240234095	r9cpBWj7l0iV	0.9029185843315245	0.9724070485897615	0.9999625752344842	1584393164841	325.37799978256226	0.9999999995406073
70	0.9989080569143467	live	phase_1	CONTROL	1.0	0.7378054394535948	1.0	1584393166030	mouseout	1.0	0.9998387151779727	r9cpBWj7l0iV	0.9243431434663691	0.9768789086706193	0.9999662007651273	1584393166051	326.5939998626709	0.9999999999589635
71	0.9990950764833059	live	phase_1	CONTROL	1.0	0.7093934274804576	1.0	1584393168896	mouseout	1.0	0.9998133942817392	r9cpBWj7l0iV	0.9022122882681936	0.9670174201154473	0.9999694460121656	1584393168921	329.4599997997284	0.9999999999991809
72	0.9992493980017154	live	phase_1	CONTROL	1.0	0.8040474593599769	1.0	1584393169600	mouseout	1.0	0.9997283225140335	r9cpBWj7l0iV	0.9235278081442695	0.972463073227993	0.9999723537407846	1584393169644	330.1639997959137	0.999999999999993
73	0.9993768345896566	live	phase_1	CONTROL	1.0	0.8730873881367809	1.0	1584393170794	mouseout	1.0	0.9996165231197252	r9cpBWj7l0iV	0.9406910948694583	0.9773426409555223	0.9999749615988428	1584393170822	331.35799980163574	1.0
74	0.9994821528884135	live	phase_1	CONTROL	1.0	0.8559050983021969	1.0	1584393173643	mouseout	1.0	0.9994744547546873	r9cpBWj7l0iV	0.9543711750093786	0.9867078701562914	0.9999773027645522	1584393173663	334.20699977874756	1.0
75	0.9995692629113689	live	phase_1	CONTROL	1.0	0.8372749290312494	1.0	1584393182656	mouseout	1.0	0.9992997355840647	r9cpBWj7l0iV	0.9651690102012466	0.988965277687692	0.9999794065078784	1584393182677	343.21999979019165	1.0
76	0.999232213820864	live	phase_1	CONTROL	1.0	0.8171811004119733	1.0	1584393185572	mouseout	1.0	0.9992086966824751	r9cpBWj7l0iV	0.9736122982822232	0.9909655418518887	0.9999812986777072	1584393185597	346.135999917984	1.0
77	0.999359100292674	live	phase_1	CONTROL	1.0	0.795618141541924	1.0	1584393196011	add_to_list_via_scatterplot_click	1.0	0.9991415888421652	r9cpBWj7l0iV	0.9644488197473087	0.9866445723736853	0.99998300212507	1584393196038	356.57499980926514	1.0
78	0.9994645622094397	live	phase_1	CONTROL	1.0	0.7725910639151161	1.0	1584393196700	mouseout	1.0	0.9991045285270574	r9cpBWj7l0iV	0.9528760596053134	0.9807041631286803	0.9999845370712278	1584393196728	357.26399993896484	1.0
79	0.9995522815952151	live	phase_1	CONTROL	1.0	0.8479219192070289	1.0	1584393223870	mouseout	1.0	0.9989128952388286	r9cpBWj7l0iV	0.938501458044533	0.9727295256355672	0.9999662908118376	1584393223927	384.4339997768402	1.0
80	0.9996252989612191	live	phase_1	CONTROL	1.0	0.902006025470129	1.0	1584393227670	mouseout	1.0	0.9988211226729896	r9cpBWj7l0iV	0.9209300683363688	0.96226887857779	0.9999293671344827	1584393227692	388.2339999675751	1.0
81	0.9996861261114193	live	phase_1	CONTROL	1.0	0.9391272781453313	1.0	1584393234434	mouseout	1.0	0.9984375282356136	r9cpBWj7l0iV	0.9378773210284241	0.977881593137205	0.9998574987705451	1584393234455	394.9979999065399	1.0
82	0.9994500420709389	live	phase_1	CONTROL	1.0	0.9297606225326284	1.0	1584393245906	mouseout	1.0	0.998024876776789	r9cpBWj7l0iV	0.9515584087849566	0.9809822519398778	0.9998711843302021	1584393245961	406.46999979019165	1.0
83	0.9990625896912915	live	phase_1	CONTROL	1.0	0.9193871854614455	1.0	1584393248144	mouseout	1.0	0.9976135401425159	r9cpBWj7l0iV	0.9625025091842802	0.9838683955943323	0.9998834556462702	1584393248171	408.7079999446869	1.0
84	0.9992102442121595	live	phase_1	CONTROL	1.0	0.9079590685735357	1.0	1584393279597	mouseout	1.0	0.9976232730792751	r9cpBWj7l0iV	0.950961758464887	0.9773636573703685	0.9997738349012019	1584393279628	440.16099977493286	1.0
85	0.9993341762743514	live	phase_1	CONTROL	1.0	0.9424850639137792	1.0	1584393280163	mouseout	1.0	0.9978584685986052	r9cpBWj7l0iV	0.9619215050338942	0.9808626376546624	0.9997954817837614	1584393280198	440.72699999809265	1.0
86	0.9994382576444442	live	phase_1	CONTROL	1.0	0.9652798653162736	1.0	1584393281463	mouseout	1.0	0.9982491771593913	r9cpBWj7l0iV	0.9706390250011234	0.9840249358095324	0.9998149050897952	1584393281487	442.02699995040894	1.0
87	0.9995257209551953	live	phase_1	CONTROL	1.0	0.9797391405911581	1.0	1584393283301	mouseout	1.0	0.998113413058192	r9cpBWj7l0iV	0.9613725557947745	0.9906588125952017	0.9998323478123877	1584393283335	443.86500000953674	1.0
88	0.9995992658795405	live	phase_1	CONTROL	1.0	0.9760220393330815	1.0	1584393286461	add_to_list_via_scatterplot_click	1.0	0.9980354143673128	r9cpBWj7l0iV	0.949884474472542	0.9950193410934703	0.9998480248902021	1584393286488	447.02499985694885	1.0
89	0.9996611476650098	live	phase_1	CONTROL	1.0	0.9717838966424722	1.0	1584393290782	mouseout	1.0	0.9980205225556258	r9cpBWj7l0iV	0.9358449180100575	0.9975709716477182	0.9998621266098499	1584393290809	451.345999956131	1.0
90	0.9997132509352274	live	phase_1	CONTROL	1.0	0.9669784294654064	1.0	1584393293525	mouseout	1.0	0.9980680611592715	r9cpBWj7l0iV	0.9189234311164232	0.9964449019976253	0.999874821576932	1584393293554	454.08899998664856	1.0
91	0.9997571511958734	live	phase_1	CONTROL	1.0	0.9615588678216778	1.0	1584393295841	mouseout	1.0	0.9981717618256613	r9cpBWj7l0iV	0.8988000725499612	0.9948970543962651	0.9998862593126655	1584393295867	456.40499997138977	1.0
92	0.9997941660859471	live	phase_1	CONTROL	1.0	0.9554783943089489	1.0	1584393298317	remove_from_list_via_card_click	1.0	0.9983209565581278	r9cpBWj7l0iV	0.8751774422393155	0.9976455460787172	0.9998965725252209	1584393298349	458.8809998035431	1.0
93	0.999825398080985	live	phase_1	CONTROL	1.0	0.9486906065098721	1.0	1584393298640	mouseout	1.0	0.9985022533339374	r9cpBWj7l0iV	0.8477930664772173	0.9989995267439976	0.9999058790982139	1584393298660	459.2039999961853	0.9999999999999999
94	0.9998517700738592	live	phase_1	CONTROL	1.0	0.9411499952758606	1.0	1584393309342	mouseout_from_list	1.0	0.9987013608064825	r9cpBWj7l0iV	0.8164315139195961	0.9985463597539617	0.9999142838330475	1584393309374	469.9059998989105	1.0
95	0.9998740550229394	live	phase_1	CONTROL	1.0	0.9328124314774364	1.0	1584393310735	mouseout_from_list	1.0	0.9997248813326282	r9cpBWj7l0iV	0.8483867418937637	0.9986426071045283	0.9999218799768582	1584393310758	471.29899978637695	0.9999999999999999
96	0.999892900659805	live	phase_1	CONTROL	1.0	0.9236356536019827	1.0	1584393312582	mouseout_from_list	1.0	0.9997369061433252	r9cpBWj7l0iV	0.8174839264086222	0.9980496186509328	0.9999287505635716	1584393312615	473.14599990844727	0.9999999999999998
97	0.9999088500833704	live	phase_1	CONTROL	1.0	0.9135797485456764	1.0	1584393315582	mouseout	1.0	0.9997765349462276	r9cpBWj7l0iV	0.7825393911032673	0.9972472640200943	0.9998679417616414	1584393315610	476.14599990844727	0.9999999999999996
98	0.9999223589291627	live	phase_1	CONTROL	1.0	0.9445233991811609	1.0	1584393324760	mouseout	1.0	0.9996622881671943	r9cpBWj7l0iV	0.8185563433485288	0.9988439442889355	0.99987960564971	1584393324819	485.3239998817444	0.9999999999999992
99	0.9999338096871873	live	phase_1	CONTROL	1.0	0.9654583861600611	1.0	1584393326411	mouseout	1.0	0.9995019616076671	r9cpBWj7l0iV	0.8496613308482553	0.9995498043038843	0.9998901618691013	1584393326444	486.97499990463257	0.9999999999999984
100	0.9998864473077411	live	phase_1	CONTROL	1.0	0.9791304013621176	1.0	1584393328044	mouseout	1.0	0.9992826490303073	r9cpBWj7l0iV	0.8762860100187556	0.9995623087028399	0.9998997224924097	1584393328069	488.60799980163574	0.9999999999999969
101	0.999902981253566	live	phase_1	CONTROL	1.0	0.987758248545716	1.0	1584393329587	mouseout	1.0	0.9989900170134891	r9cpBWj7l0iV	0.8988795676072873	0.9995802021091605	0.9998196810171597	1584393329617	490.1509997844696	0.9999999999999979
102	0.9998369162722174	live	phase_1	CONTROL	1.0	0.9930246788977958	1.0	1584393330275	mouseout	1.0	0.9986088939206839	r9cpBWj7l0iV	0.9178921397485714	0.9996026346099129	0.9996840242750692	1584393330302	490.83899998664856	0.999999999999996
103	0.9997315494950135	live	phase_1	CONTROL	1.0	0.9961370510141854	1.0	1584393332925	mouseout	1.0	0.9981240984509995	r9cpBWj7l0iV	0.9337614854936525	0.9996286509284253	0.9997117431763436	1584393332955	493.4889998435974	0.9999999999999926
104	0.9995669526421611	live	phase_1	CONTROL	1.0	0.9979195504038069	1.0	1584393334257	mouseout	1.0	0.9975214772384178	r9cpBWj7l0iV	0.9469028627960174	0.9996572511939005	0.9997368609866274	1584393334283	494.82099986076355	0.9999999999999862
105	0.9996278840440767	live	phase_1	CONTROL	1.0	0.9989097352942398	1.0	1584393335725	mouseout	1.0	0.9978738115491922	r9cpBWj7l0iV	0.9577018847171987	0.9996874470113493	0.9997596365258903	1584393335754	496.2889997959137	0.999999999999975
106	0.9994101705792579	live	phase_1	CONTROL	1.0	0.9994437142668324	1.0	1584393338223	mouseout	1.0	0.9972240986969223	r9cpBWj7l0iV	0.9466574432167573	0.9995347237248234	0.9995895760428587	1584393338253	498.7869999408722	0.999999999999955
107	0.9994919037244994	live	phase_1	CONTROL	1.0	0.9997234907158107	1.0	1584393340005	mouseout	1.0	0.9976649536222025	r9cpBWj7l0iV	0.9574172024849887	0.9995779156779103	0.9996250034888549	1584393340038	500.56900000572205	0.9999999999999203
108	0.9992079444853698	live	phase_1	CONTROL	1.0	0.9998660259906584	1.0	1584393346219	mouseout	1.0	0.9981808319237077	r9cpBWj7l0iV	0.9464363574116493	0.9993781196906345	0.9993745038539462	1584393346248	506.7829999923706	0.9999999999998602
109	0.9993159994333771	live	phase_1	CONTROL	1.0	0.9999366887044656	1.0	1584393347938	mouseout	1.0	0.998254574880455	r9cpBWj7l0iV	0.9571538559197111	0.9994385912846032	0.9994282428536778	1584393347966	508.5019998550415	0.9999999999999695
110	0.9994090355512414	live	phase_1	CONTROL	1.0	0.9999708029368098	1.0	1584393349934	mouseout	1.0	0.9983672428425703	r9cpBWj7l0iV	0.9659304744640141	0.9994987951671506	0.9994770653139854	1584393349964	510.4979999065399	0.9999999999999462
111	0.999091406091945	live	phase_1	CONTROL	1.0	0.9999868526539599	1.0	1584393351383	mouseout	1.0	0.9985099847410556	r9cpBWj7l0iV	0.9569110274713626	0.9992639339587392	0.9991468466292192	1584393351411	511.9469997882843	0.9999999999999062
112	0.9992130746371692	live	phase_1	CONTROL	1.0	0.9999942161469875	1.0	1584393353583	mouseout	1.0	0.9986727761623836	r9cpBWj7l0iV	0.9460630096221329	0.9993456801372504	0.9986371185495385	1584393353620	514.146999835968	0.9999999999999475
113	0.9988081545223996	live	phase_1	CONTROL	1.0	0.9999975127972109	1.0	1584393354349	mouseout	1.0	0.9981464770140713	r9cpBWj7l0iV	0.9566879267785418	0.9994244646842265	0.9978667337632925	1584393354377	514.912999868393	0.9999999999999086
114	0.9982242749946327	live	phase_1	CONTROL	1.0	0.9999989539569956	1.0	1584393356714	mouseout	1.0	0.9975029049075211	r9cpBWj7l0iV	0.9459087664076781	0.9997343223361566	0.9967259816074542	1584393356743	517.2779998779297	0.9999999999998428
115	0.9973960519990861	live	phase_1	CONTROL	1.0	0.999999569516275	1.0	1584393357952	add_to_list_via_scatterplot_click	1.0	0.9967503617578909	r9cpBWj7l0iV	0.9564837902734015	0.9997648623611675	0.9950699854753776	1584393357983	518.5159997940063	0.9999999999997323
116	0.9962397859832536	live	phase_1	CONTROL	1.0	0.9999998265589093	1.0	1584393358632	mouseout	1.0	0.9959097091493783	r9cpBWj7l0iV	0.9651915211881328	0.9997940090560867	0.9927118442521294	1584393358663	519.1959998607635	0.9999999999995491
117	0.9967135982347948	live	phase_1	CONTROL	1.0	0.9999997521873457	1.0	1584393365964	mouseout	1.0	0.9988405252989965	r9cpBWj7l0iV	0.9562978806994752	0.9996908609161638	0.9894159805522693	1584393366018	526.5279998779297	0.9999999999992484
118	0.9971271849517722	live	phase_1	CONTROL	1.0	0.9999996486474695	1.0	1584393366601	mouseout	1.0	0.9997240911799828	r9cpBWj7l0iV	0.9456604941628466	0.9995431809107183	0.9848922915029318	1584393366648	527.164999961853	0.9999999999987594
119	0.997488218083294	live	phase_1	CONTROL	1.0	0.999999505580786	1.0	1584393369630	add_to_list_via_scatterplot_click	1.0	0.9999447325399721	r9cpBWj7l0iV	0.9330656289916079	0.9993350530496115	0.9787918083966044	1584393369669	530.194000005722	0.9999999999979724
120	0.9978033981772827	live	phase_1	CONTROL	1.0	0.9999993093436835	1.0	1584393369891	mouseout	1.0	0.9999906488828992	r9cpBWj7l0iV	0.9182995611288793	0.9990462281138376	0.9707046432257618	1584393369925	530.454999923706	0.9999999999967174
121	0.9968459557396129	live	phase_1	CONTROL	1.0	0.999999042095723	1.0	1584393374906	mouseout	1.0	0.9999862383916757	r9cpBWj7l0iV	0.9330749487238676	0.9991518903083983	0.972976412260786	1584393374939	535.4699997901917	0.9999999999947348
122	0.997235151757029	live	phase_1	CONTROL	1.0	0.9999986806736412	1.0	1584393375789	mouseout	1.0	0.9999801328299153	r9cpBWj7l0iV	0.9184517226675183	0.9987932876937684	0.9631921281934472	1584393375823	536.3529999256134	0.999999999991631
123	0.9975758544757227	live	phase_1	CONTROL	1.0	0.9999981952109686	1.0	1584393378356	mouseout	1.0	0.9999831347096394	r9cpBWj7l0iV	0.9014916390704413	0.9983068936630272	0.9659884318391253	1584393378386	538.9199998378754	0.9999999999868149
124	0.9978741270094996	live	phase_1	CONTROL	1.0	0.9999975474580582	1.0	1584393380204	mouseout	1.0	0.9999866599211152	r9cpBWj7l0iV	0.9186211666809369	0.9984903894222333	0.9542894671696971	1584393380236	540.7679998874664	0.9999999999794059
125	0.9981352776804373	live	phase_1	CONTROL	1.0	0.999996688752072	1.0	1584393381503	mouseout	1.0	0.9999901550540388	r9cpBWj7l0iV	0.9018447656053372	0.9978974719132967	0.9576889742163353	1584393381536	542.066999912262	0.9999999999681037
126	0.9973372716061616	live	phase_1	CONTROL	1.0	0.9999955575811786	1.0	1584393382919	mouseout	1.0	0.9999932127554165	r9cpBWj7l0iV	0.8825845319657604	0.9989524423595464	0.9608319206169722	1584393382955	543.4829998016357	0.999999999951004
127	0.9962481863236321	live	phase_1	CONTROL	1.0	0.9999940766820097	1.0	1584393384836	mouseout	1.0	0.9999956238198823	r9cpBWj7l0iV	0.8606674162484655	0.998544705475892	0.9637375699750402	1584393384861	545.3999998569489	0.9999999999253399
128	0.9947816886385765	live	phase_1	CONTROL	1.0	0.9999921496044478	1.0	1584393386051	mouseout	1.0	0.9999973582869683	r9cpBWj7l0iV	0.883178407723715	0.9986804204196372	0.9664237905785523	1584393386072	546.6150000095367	0.9999999998871231
129	0.9953931450696472	live	phase_1	CONTROL	1.0	0.9999964232929762	1.0	1584393386724	mouseout	1.0	0.9999985054467802	r9cpBWj7l0iV	0.9025932950952733	0.9988148823995083	0.9689071469748679	1584393386776	547.287999868393	0.9999999998306481
130	0.9959325745050213	live	phase_1	CONTROL	1.0	0.9999984032383753	1.0	1584393387732	add_to_list_via_scatterplot_click	1.0	0.999999206758809	r9cpBWj7l0iV	0.9192239701251398	0.9989455555140928	0.9712029870799997	1584393387765	548.2960000038147	0.9999999997478154
131	0.996408442329105	live	phase_1	CONTROL	1.0	0.9999993012206604	1.0	1584393388135	mouseout	1.0	0.9999996046407299	r9cpBWj7l0iV	0.933374978719221	0.999070360096304	0.9733255247752071	1584393388166	548.6989998817444	0.9999999996272091
132	0.9950351024714664	live	phase_1	CONTROL	1.0	0.9999990482442258	1.0	1584393390273	mouseout	1.0	0.9999994284187181	r9cpBWj7l0iV	0.9194535524134202	0.9986943871939264	0.9752879180042411	1584393390341	550.8369998931885	0.9999999994528558
133	0.9932186324618023	live	phase_1	CONTROL	1.0	0.9999987116194573	1.0	1584393392883	mouseout	1.0	0.9999991998763428	r9cpBWj7l0iV	0.9033923606983035	0.9981895761649281	0.9771023424322012	1584393392912	553.4469997882843	0.99999999920256
134	0.9908450932771933	live	phase_1	CONTROL	1.0	0.999998266372043	1.0	1584393394325	mouseout	1.0	0.9999989145987369	r9cpBWj7l0iV	0.8850185160787041	0.9975206644791166	0.9787800607638403	1584393394357	554.8889999389648	0.999999998845693
135	0.9918640427020379	live	phase_1	CONTROL	1.0	0.9999976809028671	1.0	1584393396480	mouseout	1.0	0.9999985720073967	r9cpBWj7l0iV	0.8641720752670742	0.9966457232738614	0.9803314878472239	1584393396511	557.0439999103546	0.99999999834027
136	0.9927696417935541	live	phase_1	CONTROL	1.0	0.9999969154645318	1.0	1584393397187	mouseout	1.0	0.9999981765259021	r9cpBWj7l0iV	0.8407107586225117	0.9955157802304765	0.9817662517094636	1584393397230	557.7509999275208	0.9999999976291173
137	0.9903067986673426	live	phase_1	CONTROL	1.0	0.9999986026260531	1.0	1584393399212	add_to_list_via_scatterplot_click	1.0	0.9999977383047453	r9cpBWj7l0iV	0.8650590901521259	0.9959635232849733	0.9754200843870757	1584393399248	559.7759997844696	0.9999999966348765
138	0.9871462053460404	live	phase_1	CONTROL	1.0	0.9999993789530415	1.0	1584393399564	mouseout	1.0	0.9999972732861868	r9cpBWj7l0iV	0.8862863604416366	0.9963985776121107	0.9672900357108212	1584393399599	560.1279997825623	0.9999999952535342
139	0.9831350525762935	live	phase_1	CONTROL	1.0	0.9999991612186969	1.0	1584393408699	add_to_list_via_scatterplot_click	1.0	0.999995802005687	r9cpBWj7l0iV	0.865949195765144	0.9951843561788081	0.9695952080336252	1584393408737	569.2629997730255	0.999999993346097
140	0.9780993665180471	live	phase_1	CONTROL	1.0	0.9999988736106769	1.0	1584393409074	mouseout	1.0	0.9999936499729366	r9cpBWj7l0iV	0.8430862723509709	0.9936338334265458	0.9717345880691607	1584393409103	569.6379997730255	0.9999999907279445
141	0.9718440094701957	live	phase_1	CONTROL	1.0	0.999999498357116	1.0	1584393413390	mouseout	1.0	0.9999967237089636	r9cpBWj7l0iV	0.8175802528341678	0.9916775786694318	0.9627539799000564	1584393413430	573.9539999961853	0.9999999871552953
142	0.9641534201313599	live	phase_1	CONTROL	1.0	0.9999993232111488	1.0	1584393415615	mouseout	1.0	0.9999984047628259	r9cpBWj7l0iV	0.8442701308365024	0.9925071871993428	0.9653255788837458	1584393415651	576.1789999008179	0.9999999823081058
143	0.9677164839262906	live	phase_1	CONTROL	1.0	0.9999990920034246	1.0	1584393418962	mouseout	1.0	0.9999992664482328	r9cpBWj7l0iV	0.8190993958257382	0.9902540558826031	0.9547932043209018	1584393418988	579.5259997844696	0.9999999757685885
144	0.95919090932563	live	phase_1	CONTROL	1.0	0.9999987884579032	1.0	1584393421725	add_to_list_via_scatterplot_click	1.0	0.9999996811889544	r9cpBWj7l0iV	0.8454508648697865	0.991249047687127	0.9578541736843732	1584393421761	582.2889997959137	0.9999999669943798
145	0.9488862496662973	live	phase_1	CONTROL	1.0	0.9999983920759943	1.0	1584393422120	mouseout	1.0	0.9999998689384786	r9cpBWj7l0iV	0.8686326669439342	0.9922081261229085	0.9607051335628007	1584393422147	582.6839997768402	0.9999999552852167
146	0.9365501494709696	live	phase_1	CONTROL	1.0	0.9999992680182835	1.0	1584393423224	mouseout	1.0	0.9999997946909789	r9cpBWj7l0iV	0.8466281159598885	0.9954806824919619	0.9492206616144101	1584393423271	583.787999868393	0.9999999397417773
147	0.9219202320920654	live	phase_1	CONTROL	1.0	0.9999996727413557	1.0	1584393426159	mouseout	1.0	0.9999996837998286	r9cpBWj7l0iV	0.8221092619716482	0.9975199955093601	0.9351087608996804	1584393426193	586.7229998111725	0.9999999192151225
148	0.9047291963838932	live	phase_1	CONTROL	1.0	0.9999998562592087	1.0	1584393427851	add_to_list_via_scatterplot_click	1.0	0.9999995210378494	r9cpBWj7l0iV	0.7949844385280167	0.998710964112485	0.9179720841903138	1584393427885	588.414999961853	0.9999998922449214
149	0.8847110833053976	live	phase_1	CONTROL	1.0	0.9999999379550676	1.0	1584393428150	mouseout	1.0	0.9999992861856463	r9cpBWj7l0iV	0.76518723840718	0.9993646956639592	0.8974026885034943	1584393428183	588.7139999866486	0.9999998569843701
150	0.8947077599107452	live	phase_1	CONTROL	1.0	0.9999999148020998	1.0	1584393429550	mouseout	1.0	0.9999989529423451	r9cpBWj7l0iV	0.7326794964128572	0.9991424400566302	0.9037848764130609	1584393429587	590.1139998435974	0.9999998111094115
151	0.9038873258504823	live	phase_1	CONTROL	1.0	0.9999998836558277	1.0	1584393465767	mouseout	1.0	0.9999995691829814	r9cpBWj7l0iV	0.7674344103469535	0.9992026526314185	0.8807046829926749	1584393465800	626.3309998512268	0.9999997517095299
152	0.912309343342649	live	phase_1	CONTROL	1.0	0.9999999496570946	1.0	1584393470005	mouseout	1.0	0.9999994850302946	r9cpBWj7l0iV	0.7353644805953652	0.9992648862690535	0.8535637268014925	1584393470081	630.569000005722	0.9999998579162312
153	0.9200300954183861	live	phase_1	CONTROL	1.0	0.9999999785792263	1.0	1584393473763	mouseout	1.0	0.9999993982080368	r9cpBWj7l0iV	0.7006130941964016	0.9993278642305291	0.8220033865024695	1584393473790	634.3269999027252	0.9999999384365071
154	0.9271025941148024	live	phase_1	CONTROL	1.0	0.9999999703408613	1.0	1584393530106	mouseout_from_list	1.0	0.9999993272916937	r9cpBWj7l0iV	0.6632017097811993	0.9990885255257075	0.832269822358231	1584393530148	690.6699998378754	0.999999917909804
155	0.9335766262331796	live	phase_1	CONTROL	1.0	0.9999999591597889	1.0	1584393550615	mouseout_from_list	1.0	0.9999993311914753	r9cpBWj7l0iV	0.6231844043764816	0.9987768670661754	0.8419695133698704	1584393550659	711.1789999008179	0.9999998910616306
156	0.9394988279619315	live	phase_1	CONTROL	1.0	0.9999999440668036	1.0	1584393552562	mouseout_from_list	1.0	0.9999998183296673	r9cpBWj7l0iV	0.6668162634949035	0.9988793804453933	0.8511300110949458	1584393552600	713.1259999275208	0.9999998561096576
157	0.944912781295939	live	phase_1	CONTROL	1.0	0.9999999238011335	1.0	1584393555145	mouseout_from_list	1.0	0.9999997874437069	r9cpBWj7l0iV	0.6273245759689152	0.9985040217311696	0.8597780300561535	1584393555177	715.7089998722076	0.9999999508779981
158	0.932638952029037	live	phase_1	CONTROL	1.0	0.9999999668745845	1.0	1584393555437	mouseout_from_list	1.0	0.9999997218831312	r9cpBWj7l0iV	0.6703797589086304	0.9986334223299649	0.8300391947749337	1584393555508	716.0009999275208	0.9999999346358854
159	0.9385571822791766	live	phase_1	CONTROL	1.0	0.9999999546888384	1.0	1584393555714	mouseout_from_list	1.0	0.9999996805867433	r9cpBWj7l0iV	0.6314038002050406	0.9981848270597811	0.8396757450056606	1584393555799	716.2779998779297	0.9999999826817457
160	0.9252813834215913	live	phase_1	CONTROL	1.0	0.9999999804391031	1.0	1584393556611	mouseout_from_list	1.0	0.999999591326365	r9cpBWj7l0iV	0.673893271877952	0.9983464980329729	0.8071287802399112	1584393556655	717.1749999523163	0.9999999767482558
161	0.9098126544110292	live	phase_1	CONTROL	1.0	0.9999999916892773	1.0	1584393558627	mouseout_from_list	1.0	0.9999994900188929	r9cpBWj7l0iV	0.7128354004162787	0.9985053848699346	0.7700468402326431	1584393558667	719.1909999847412	0.9999999689277633
162	0.9174166812072004	live	phase_1	CONTROL	1.0	0.9999999884814668	1.0	1584393559810	mouseout_from_list	1.0	0.9999998687894945	r9cpBWj7l0iV	0.6773578436758918	0.9980143863563787	0.7282582680767176	1584393559854	720.3739998340607	0.9999999586674279
163	0.9244104512674414	live	phase_1	CONTROL	1.0	0.9999999951380357	1.0	1584393561092	mouseout_from_list	1.0	0.999999941753763	r9cpBWj7l0iV	0.7157911336651689	0.9982097948551939	0.7423903588351934	1584393561138	721.6559998989105	0.9999999452666846
164	0.9090371049464993	live	phase_1	CONTROL	1.0	0.9999999979792061	1.0	1584393563133	mouseout_from_list	1.0	0.9999999273612853	r9cpBWj7l0iV	0.7507996910666797	0.9983979937002593	0.6976832640478934	1584393563181	723.6969997882843	0.9999999278417361
165	0.8913086551221291	live	phase_1	CONTROL	1.0	0.9999999971628544	1.0	1584393563694	mouseout_from_list	1.0	0.9999998877684806	r9cpBWj7l0iV	0.7187084261596078	0.9978710713879367	0.7129560046675713	1584393563775	724.2579998970032	0.9999999052825232
166	0.871019915048956	live	phase_1	CONTROL	1.0	0.9999999960378798	1.0	1584393564044	mouseout_from_list	1.0	0.9999998291614918	r9cpBWj7l0iV	0.6841441652123927	0.9971977611338366	0.7275396180508165	1584393564083	724.6079998016357	0.9999998762008147
167	0.8479763892386623	live	phase_1	CONTROL	1.0	0.9999999944957053	1.0	1584393564676	mouseout_from_list	1.0	0.9999997437237633	r9cpBWj7l0iV	0.6471376509072112	0.9963459832169096	0.7414547386148697	1584393564731	725.2400000095367	0.9999998388678631
168	0.8220010030937748	live	phase_1	CONTROL	1.0	0.9999999923924574	1.0	1584393565790	mouseout_from_list	1.0	0.9999998875135457	r9cpBWj7l0iV	0.6874678381873269	0.996705061666092	0.7547228479126977	1584393565837	726.3539998531342	0.999999791139859
169	0.7929419932972318	live	phase_1	CONTROL	1.0	0.999999996772186	1.0	1584393568322	mouseout_from_list	1.0	0.9999998321028366	r9cpBWj7l0iV	0.6509315805138847	0.998141620739649	0.7125298672818748	1584393568357	728.885999917984	0.999999730369178
170	0.7606821702666864	live	phase_1	CONTROL	1.0	0.9999999955222295	1.0	1584393569523	mouseout_from_list	1.0	0.9999997529008765	r9cpBWj7l0iV	0.6120339610622179	0.9975684184923099	0.7268789467610999	1584393569568	730.0869998931885	0.9999996532991686
171	0.7251497884529199	live	phase_1	CONTROL	1.0	0.9999999981118878	1.0	1584393572224	mouseout_from_list	1.0	0.9999996939002501	r9cpBWj7l0iV	0.6546720479083719	0.9977910301801306	0.681964439723046	1584393572272	732.787999868393	0.9999995559399498
172	0.6863312441845575	live	phase_2	CONTROL	1.0	0.9999999992154912	1.0	1584394014215	mouseout_from_list	1.0	0.9999996294291564	r9cpBWj7l0iV	0.6939807981843975	0.9980076934440477	0.6327007885812639	1584394014264	1174.7789998054504	0.999999433422405
