	age	appMode	appPhase	appType	education	first_name	gender	id	interactionAt	interactionType	last_name	occupation	participantId	party	policy_strength_ban_abortion_after_6_weeks	policy_strength_ban_alcohol_sales_on_sundays	policy_strength_budget_for_free_school_lunch_program	policy_strength_increase_budget_for_medicare_coverage	policy_strength_increase_budget_for_veterans_affairs	policy_strength_increase_gun_control_legislation	policy_strength_legalize_medical_marijuana	political_experience	processed_at	relativeInteractionAt	religion
0	0.0	live	phase_1	CONTROL	0.0	0.0	0.0	0.0	1566396863218	add_to_list_via_scatterplot_click	0.0	0.0	531UXi27EEuE	0.0	0.0	0.0	0.0	0.0	0.0	0.0	0.0	0.0	1566396863232	0.034999847412109375	0.0
1	0.0	live	phase_1	CONTROL	0.0	0.0	0.0	0.0	1566396864694	mouseout	0.0	0.0	531UXi27EEuE	0.0	0.0	0.0	0.0	0.0	0.0	0.0	0.0	0.0	1566396864701	1.5109999179840088	0.0
2	0.0	live	phase_1	CONTROL	0.0	0.0	0.0	0.0	1566396866510	add_to_list_via_scatterplot_click	0.0	0.0	531UXi27EEuE	0.0	0.0	0.0	0.0	0.0	0.0	0.0	0.0	0.0	1566396866517	3.3269999027252197	0.0
3	0.0	live	phase_1	CONTROL	0.0	0.0	0.0	0.0	1566396866696	mouseout	0.0	0.0	531UXi27EEuE	0.0	0.0	0.0	0.0	0.0	0.0	0.0	0.0	0.0	1566396866703	3.513000011444092	0.0
4	0.0	live	phase_1	CONTROL	0.0	0.0	0.0	0.0	1566396867790	add_to_list_via_scatterplot_click	0.0	0.0	531UXi27EEuE	0.0	0.0	0.0	0.0	0.0	0.0	0.0	0.0	0.0	1566396867798	4.60699987411499	0.0
5	0.0	live	phase_1	CONTROL	0.0	0.0	0.0	0.0	1566396867861	mouseout	0.0	0.0	531UXi27EEuE	0.0	0.0	0.0	0.0	0.0	0.0	0.0	0.0	0.0	1566396867869	4.677999973297119	0.0
6	0.0	live	phase_1	CONTROL	0.0	0.0	0.0	0.0	1566396868543	add_to_list_via_scatterplot_click	0.0	0.0	531UXi27EEuE	0.0	0.0	0.0	0.0	0.0	0.0	0.0	0.0	0.0	1566396868550	5.359999895095825	0.0
7	0.0	live	phase_1	CONTROL	0.0	0.0	0.0	0.0	1566396868779	mouseout	0.0	0.0	531UXi27EEuE	0.0	0.0	0.0	0.0	0.0	0.0	0.0	0.0	0.0	1566396868787	5.5959999561309814	0.0
8	0.0	live	phase_1	CONTROL	0.0	0.0	0.0	0.0	1566396870287	remove_from_list_via_card_click	0.0	0.0	531UXi27EEuE	0.0	0.0	0.0	0.0	0.0	0.0	0.0	0.0	0.0	1566396870294	7.103999853134155	0.0
9	0.999999991874224	live	phase_1	CONTROL	0.8064721678236983	1.0	0.7784422268455347	1.0	1566396872795	mouseout_from_list	1.0	0.9989610888144053	531UXi27EEuE	0.10073700406484609	0.0	0.0	1.0	1.0	1.0	1.2574036922785581e-08	0.0	0.5905556462272157	1566396872803	9.611999988555908	0.11935080670848952
10	0.9999999353510963	live	phase_1	CONTROL	0.806854413892204	1.0	0.800178444070907	1.0	1566396874661	mouseout	1.0	0.9999256685291821	531UXi27EEuE	0.3360920981223514	0.0	0.0	1.0	1.0	0.9999999999999991	0.0	0.0	0.6406199774930853	1566396874669	11.477999925613403	0.14277692381346108
11	0.9999996423524014	live	phase_1	CONTROL	0.6175825550618241	1.0	0.8194515044895774	1.0	1566396876262	mouseout	1.0	0.9996192373019839	531UXi27EEuE	0.5263097732566343	0.0	0.0	1.0	0.0	0.0	0.0	0.0	0.6840669734444422	1566396876269	13.078999996185303	0.8542446934706774
12	0.9999984996127527	live	phase_1	CONTROL	0.4463987719595002	1.0	0.8366057691968583	1.0	1566396876544	mouseout	1.0	0.9990554976162344	531UXi27EEuE	0.3269091522031691	0.0	0.0	1.0	1.0	0.0	0.0	1.0	0.7217527477535984	1566396876553	13.360999822616577	0.7482103362052737
13	0.9999996875304038	live	phase_1	CONTROL	0.6185477406951871	1.0	0.8519234323665269	1.0	1566396878751	remove_from_list_via_list_item_click	1.0	0.9987226388046865	531UXi27EEuE	0.11906668088240357	0.0	0.0	1.0	1.0	1.0	0.0	1.0	0.7544601323135254	1566396878758	15.567999839782715	0.7068425344621747
14	0.9999988888284912	live	phase_1	CONTROL	0.5415371468300977	1.0	0.5342233803482022	1.0	1566396946728	mouseout	1.0	0.9971961604367229	531UXi27EEuE	0.3207224037866724	0.0	0.0	1.0	1.0	0.9999999907688774	0.0	1.0	0.46002857883047255	1566396946736	83.54499983787537	0.721357284771135
15	0.9999996199590332	live	phase_1	CONTROL	0.41738807649620524	1.0	0.5779364776437061	1.0	1566396969644	mouseout	1.0	0.9908560836209833	531UXi27EEuE	0.12721987620608832	0.0	0.0	1.0	1.0	0.999999999999939	0.0	1.0	0.5198534840856628	1566396969653	106.46099996566772	0.6739814627144683
16	0.9999997688092248	live	phase_1	CONTROL	0.5907020265358038	0.9999999999999999	0.6171346336557924	1.0	1566396999240	mouseout	1.0	0.9902800404571016	531UXi27EEuE	0.3165693611366396	0.0	0.0	1.0	1.0	0.37898038224017394	0.0	1.0	0.5733040758478549	1566396999249	136.0569999217987	0.6295652207754017
17	0.9999999319678066	live	phase_1	CONTROL	0.7475549288001715	1.0	0.6523487955646117	1.0	1566397011361	mouseout	1.0	0.9908858898544303	531UXi27EEuE	0.47888242832987626	0.0	0.0	1.0	0.9999998005261247	0.0	0.0	1.0	0.678496172098008	1566397011370	148.17799997329712	0.5888869627063071
18	0.9999999796315382	live	phase_1	CONTROL	0.6778164477878326	1.0	0.6840369554457184	1.0	1566397014228	mouseout	1.0	0.9788239214335133	531UXi27EEuE	0.3138572097894561	0.0	0.0	1.0	0.9999981694205989	0.0	0.0	1.0	0.6626694139700988	1566397014237	151.04499983787537	0.5523583719459871
19	0.9999999198895073	live	phase_1	CONTROL	0.8108951113913468	0.9999999999999996	0.7125958899836171	1.0	1566397019611	mouseout	1.0	0.9820024370993125	531UXi27EEuE	0.14208484813442923	0.0	0.0	1.0	1.0	1.0	0.0	1.0	0.3918145405486013	1566397019620	156.42799997329712	0.5201165618867006
20	0.9999997268505941	live	phase_1	CONTROL	0.7647206280300954	0.9999999999999938	0.7383707450287136	1.0	1566397021128	mouseout	1.0	0.9956356934442455	531UXi27EEuE	0.02787467026833501	0.0	0.0	1.0	1.0	1.0	0.0	1.0	0.2453107508505058	1566397021137	157.9449999332428	0.4921072791725447
21	0.9999991761577918	live	phase_1	CONTROL	0.8680634804014098	0.9999999999999332	0.41438399498082723	1.0	1566397022412	mouseout	1.0	0.9908147496435498	531UXi27EEuE	0.1489406189899236	0.0	0.0	1.0	1.0	1.0	0.0	0.6264260926764268	0.12400180261680516	1566397022421	159.22899985313416	0.4681528098299296
22	0.9999977653148259	live	phase_1	CONTROL	0.8307507188248362	0.9999999999994219	0.004947001687089281	1.0	1566397023596	mouseout	1.0	0.9920257297243615	531UXi27EEuE	0.3113356752317069	0.0	0.0	1.0	1.0	1.8050909738609455e-05	0.0	0.0	0.04501574728308955	1566397023605	160.41299986839294	0.4480036014908473
23	0.9999944730445248	live	phase_1	CONTROL	0.8058194966705855	0.9999999999958693	0.4067473646982076	1.0	1566397024512	mouseout	1.0	0.9936049432432497	531UXi27EEuE	0.4546159476565077	0.0	0.0	1.0	1.0	0.0	0.0	0.0	0.04649312027564567	1566397024520	161.3289999961853	0.43137527987134694
24	0.9999980677656434	live	phase_1	CONTROL	0.8891416841013402	0.9999999999998216	0.3444213725293783	1.0	1566397025612	mouseout	1.0	0.9952269474264379	531UXi27EEuE	0.5766603584175564	0.0	0.0	1.2792719324417057e-05	1.0	0.0	0.0	0.0	0.08126510245422813	1566397025621	162.42899990081787	0.4179737492806661
25	0.9999954506317711	live	phase_1	CONTROL	0.9423043133386659	0.9999999999987728	0.6551914118447424	1.0	1566397029278	mouseout	1.0	0.996664555214447	531UXi27EEuE	0.4492726604415165	0.0	0.0	1.0	1.0	0.0	0.0	0.0	0.2289635877566567	1566397029286	166.09500002861023	0.24338402415457538
26	0.9999900245534586	live	phase_1	CONTROL	0.9200343594759608	0.9999999999992625	0.6061490650837192	1.0	1566397032179	mouseout	1.0	0.9990403373972371	531UXi27EEuE	0.31129773137361094	0.0	0.0	1.0	1.0	0.00014644488943982292	0.0	0.0	0.12491600955625315	1566397032187	168.99599981307983	0.22826984165494846
27	0.9999794672741398	live	phase_1	CONTROL	0.9595721907492868	0.9999999999995309	0.5552745350123982	1.0	1566397032812	mouseout	1.0	0.9993204471452061	531UXi27EEuE	0.16776005338215916	0.0	0.0	1.0	1.0	1.0	0.0	0.0	0.053003307992167126	1566397032820	169.6289999485016	0.21624617815352631
28	0.9999921258369614	live	phase_1	CONTROL	0.9504676994521185	0.9999999999999648	0.502966196457742	1.0	1566397034278	mouseout	1.0	0.9985829238136879	531UXi27EEuE	0.023721642918788755	0.0	0.0	1.0	1.0	1.0	0.0	0.0	0.07796645029118865	1566397034287	171.09500002861023	0.20695616606022993
29	0.9999969809755581	live	phase_1	CONTROL	0.9446682065723634	0.9999999999997798	0.4496086594045938	1.0	1566397037995	mouseout	1.0	0.9974453213451492	531UXi27EEuE	0.11621781441434509	0.0	0.0	1.0	1.0	1.0	1.0	0.0	0.02378669484134699	1566397038004	174.81199979782104	0.2000891131670981
30	0.9999988409977603	live	phase_1	CONTROL	0.9714169637884522	0.9999999999999974	0.3955665513171067	1.0	1566397071328	mouseout	1.0	0.9982161773148083	531UXi27EEuE	0.034409905514135364	0.0	0.0	1.0	1.0	1.0	0.0	0.0	0.03447125281053842	1566397071337	208.1449999809265	0.1953788303701709
31	0.9999975526737662	live	phase_1	CONTROL	0.9446334656282984	0.9999999999999833	0.6665506433599935	1.0	1566397073795	mouseout	1.0	0.9988183538229292	531UXi27EEuE	0.17915276145807169	0.0	0.0	1.0	1.0	1.0	0.0	0.0	0.12949747968025194	1566397073804	210.6119999885559	0.1825432283979591
32	0.9999950923551694	live	phase_1	CONTROL	0.9720331658454673	0.9999999999999035	0.8393093124013449	1.0	1566397074928	mouseout	1.0	0.998025066622429	531UXi27EEuE	0.313922315404789	0.0	0.0	3.7344526230276287e-06	1.0	0.9888934679626502	0.0	0.0	0.2710503983978487	1566397074936	211.74499988555908	0.17155480456240224
33	0.9999906093679634	live	phase_1	CONTROL	0.9868164344364826	0.9999999999994971	0.8117171794376601	1.0	1566397075962	mouseout	1.0	0.9970446531425233	531UXi27EEuE	0.18456851285144016	0.0	0.0	0.0030227370731175096	1.0	0.19271443653462095	0.0	0.0	0.42283351160556637	1566397075971	212.77899980545044	0.1628272802327746
34	0.9999827820228127	live	phase_1	CONTROL	0.9845454819952462	0.9999999999995991	0.7818284100343897	1.0	1566397076928	mouseout	1.0	0.9948692719490663	531UXi27EEuE	0.31525664386261243	0.0	0.0	0.0	1.0	0.0	0.0	0.0	0.5604890747529205	1566397076936	213.74499988555908	0.875057997718574
35	0.9999696364382026	live	phase_1	CONTROL	0.9928518571621027	0.999999999998137	0.7497553422451222	1.0	1566397077695	mouseout	1.0	0.98884041675356	531UXi27EEuE	0.4338918100190633	0.0	0.0	0.0	1.0	0.0	0.0	0.0	0.6744025375600475	1566397077705	214.51199984550476	0.8616484578038188
36	0.999948329189739	live	phase_1	CONTROL	0.9968836991883846	0.9999999999984952	0.7156337228392502	1.0	1566397112345	mouseout	1.0	0.9852901284506623	531UXi27EEuE	0.31675279005700385	0.0	0.0	0.0	1.0	0.0	0.0	0.0	0.7636884701241777	1566397112354	249.1619999408722	0.8483047428449542
37	0.9999148972810536	live	phase_1	CONTROL	0.9987140851044984	0.9999999999997594	0.6796186105894906	1.0	1566397128944	mouseout	1.0	0.9820797482342021	531UXi27EEuE	0.1949169119107158	0.0	0.0	0.0	1.0	0.0	0.0	0.0	0.8312466391307176	1566397128953	265.760999917984	0.8351584542598178
38	0.9999614375143823	live	phase_1	CONTROL	0.997744057447181	0.9999999999999998	0.6418802899606939	1.0	1566397176045	mouseout	1.0	0.9921802288857429	531UXi27EEuE	0.31838213572691676	0.0	0.0	0.0	1.0	0.0	0.0	0.0	0.7784103997575937	1566397176057	312.8619999885559	0.8223280106809703
39	0.9999370233557628	live	phase_1	CONTROL	0.9963072980658612	0.9999999999999971	0.6026003181307438	1.0	1566397178096	mouseout	1.0	0.9821696337295098	531UXi27EEuE	0.43109567338659127	0.0	0.0	0.0	1.0	0.0	0.0	0.0	0.7162977502557102	1566397178105	314.91299986839294	0.8099176322590577
40	0.9999354203937943	live	phase_1	CONTROL	0.9922634777366423	0.9999999999999858	0.561967798888901	1.0	1566397178369	mouseout	1.0	0.966630710358463	531UXi27EEuE	0.5316870154200244	0.0	0.0	0.0	1.0	0.0	0.0	0.0	0.645309895486473	1566397178378	315.1859998703003	0.7980169822511818
41	0.9998935466140695	live	phase_1	CONTROL	0.9965870482810907	0.9999999999999993	0.5201759504111438	1.0	1566397196895	mouseout	1.0	0.9614058333450848	531UXi27EEuE	0.43016270774612975	0.0	0.0	0.0	1.0	0.0	0.0	0.0	0.7344474785430337	1566397196906	333.7119998931885	0.7867013310833858
42	0.9998294706621355	live	phase_1	CONTROL	0.9985691754904281	0.9999999999999968	0.725530341439469	1.0	1566397199012	mouseout	1.0	0.9691796330025672	531UXi27EEuE	0.5287026476829793	0.0	0.0	0.0	1.0	0.0	0.0	0.0	0.6686542409466626	1566397199020	335.8289999961853	0.7760321155605071
43	0.9997339771880327	live	phase_1	CONTROL	0.9976703757482567	0.9999999999999852	0.6932484036828749	1.0	1566397200179	mouseout	1.0	0.9433531390560106	531UXi27EEuE	0.6151792264769357	0.0	0.0	0.0	1.0	0.0	0.0	0.0	0.5952301274219031	1566397200188	336.99599981307983	0.7660577792554739
44	0.999595106643182	live	phase_1	CONTROL	0.9964189500977101	0.9999999999999358	0.6594188237649883	1.0	1566397210112	mouseout	1.0	0.9100844416434726	531UXi27EEuE	0.6896538970047081	0.0	0.0	0.0	1.0	0.0	0.0	0.0	0.5155836715427304	1566397210123	346.92899990081787	0.7568147964795064
45	0.9993977002758959	live	phase_1	CONTROL	0.9947790310945076	0.9999999999997399	0.8145058039078672	0.9999999999999999	1566397213079	mouseout	1.0	0.8741728657866834	531UXi27EEuE	0.7526748511064787	0.0	0.0	0.0	1.0	0.0	0.0	0.0	0.4318775012287681	1566397213089	349.89599990844727	0.7483287995064252
46	0.9991229637856271	live	phase_1	CONTROL	0.9927500964172169	0.9999999999997384	0.9084371918650753	0.9999999999999999	1566397213629	mouseout	1.0	0.8419202484478621	531UXi27EEuE	0.8051342550532442	0.0	0.0	0.0	1.0	0.0	0.0	0.0	0.3470680032169977	1566397213639	350.44599986076355	0.7406157454511616
47	0.9987480725291303	live	phase_1	CONTROL	0.9966595265961283	0.9999999999990178	0.8934180688836215	0.9999999999999993	1566397215563	mouseout	0.9999999999999998	0.8690954133740337	531UXi27EEuE	0.8481351629404348	0.0	0.0	0.0	1.0	0.0	0.0	0.0	0.4673215089394729	1566397215573	352.37999987602234	0.7336830744788103
48	0.9982458410536574	live	phase_1	CONTROL	0.9954459090737482	0.9999999999965146	0.8769202880149815	0.9999999999999964	1566397216081	mouseout	0.999999999999999	0.8533755215690886	531UXi27EEuE	0.8828779131166399	0.0	0.0	0.0	0.9999999999999947	0.0	0.0	0.0	0.3856135261255661	1566397216092	352.89800000190735	0.7275308243558808
49	0.9975844781422991	live	phase_1	CONTROL	0.993744605914332	0.9999999999882737	0.8589277987382162	0.9999999999999835	1566397230996	mouseout	0.9999999999999954	0.8287732381291849	531UXi27EEuE	0.9105706409710066	0.0	0.0002257354444573645	0.0	0.0	0.0	0.0	0.0	0.3046432725303654	1566397231006	367.8129999637604	0.7221526775627976
50	0.9986678247116166	live	phase_1	CONTROL	0.9917596259258725	0.9999999999999751	0.8394369498737595	1.0	1566397238498	mouseout	1.0	0.9011194781632478	531UXi27EEuE	0.9323645209021428	0.0	0.9999995134467657	0.0	0.0	0.0	0.0	0.0	0.22795710953281945	1566397238508	375.3149998188019	0.7175369262859839
51	0.9992721043553682	live	phase_1	CONTROL	0.9895572999314524	1.0	0.8184563350660539	1.0	1566397253801	add_to_list_via_scatterplot_click	1.0	0.9504099596376304	531UXi27EEuE	0.9493116251492769	1.0	1.0	0.0	0.0	0.0	0.0	0.0	0.19302859804930883	1566397253809	390.6180000305176	0.7136673477492621
52	0.9996055059980294	live	phase_1	CONTROL	0.9872335394669426	1.0	0.7960064367129529	1.0	1566397254262	mouseout	1.0	0.9784874705345656	531UXi27EEuE	0.9623417510691916	1.0	1.0	0.0	0.0	0.0	0.0	0.0	0.22968051431494851	1566397254272	391.0789999961853	0.7105239877511662
53	0.9997877066783488	live	phase_1	CONTROL	0.9834863599190182	1.0	0.7721190929780356	1.0	1566397259013	mouseout	1.0	0.9745979315528653	531UXi27EEuE	0.9722539821345328	1.0	1.0	0.0	0.0	0.0	0.0	0.0	0.2669437748661374	1566397259024	395.82999992370605	0.6870998473541489
54	0.9998864525697705	live	phase_1	CONTROL	0.9798050745998035	1.0	0.7468368142538793	1.0	1566397265506	mouseout	1.0	0.9714224292668888	531UXi27EEuE	0.9797188307227097	1.0	1.0	0.0	0.0	0.0	0.0	0.0	0.3042490603937835	1566397265515	402.32299995422363	0.9022041860920783
55	0.9999395847001055	live	phase_1	CONTROL	0.9765541676669284	1.0	0.7202119761175743	1.0	1566397268079	mouseout	1.0	0.9692601209916533	531UXi27EEuE	0.9852873004149613	1.0	1.0	0.0	0.0	0.0	0.0	0.0	0.41467233161443484	1566397268090	404.89599990844727	0.9933729301182512
56	0.9999679966476127	live	phase_1	CONTROL	0.9718190877959674	1.0	0.6923059155965624	1.0	1566397271711	mouseout	1.0	0.9872354747549983	531UXi27EEuE	0.989403889589433	1.0	1.0	0.0	0.0	0.0	0.0	0.0	0.3772381729748815	1566397271723	408.5279998779297	0.9924785382589846
57	0.9999831094825686	live	phase_1	CONTROL	0.9686028308780661	1.0	0.663187956608452	1.0	1566397284561	mouseout	1.0	0.9864500057576838	531UXi27EEuE	0.9924212839135718	1.0	1.0	0.0	0.0	0.0	0.0	0.0	0.4475668539971073	1566397284571	421.37800002098083	0.9998927432200909
58	0.999991112452205	live	phase_1	CONTROL	0.9665389545791938	1.0	0.6329343889127036	1.0	1566397292586	add_to_list_via_scatterplot_click	1.0	0.9773618376775643	531UXi27EEuE	0.9946151564783117	1.0	1.0	0.0	0.0	0.0	0.0	0.0	0.4460822264301525	1566397292597	429.4029998779297	0.9998670335242431
59	0.9999953346948078	live	phase_1	CONTROL	0.9657982618158775	1.0	0.6016274229639161	1.0	1566397293245	mouseout	1.0	0.9691870274429261	531UXi27EEuE	0.9961980600687715	1.0	1.0	0.0	0.0	0.0	0.0	0.0	0.47848941704104164	1566397293257	430.06199979782104	0.9998368374769665
60	0.9999975555444353	live	phase_1	CONTROL	0.9591266446459772	1.0	0.5693541408198697	1.0	1566397293877	mouseout	1.0	0.987491607993249	531UXi27EEuE	0.9973318388769891	1.0	1.0	0.0	0.0	0.0	0.0	0.0	0.5094238522243295	1566397293887	430.69400000572205	0.9998017158369032
61	0.99999872087689	live	phase_1	CONTROL	0.9524873395903425	1.0	0.5362054608500352	1.0	1566397295479	mouseout	1.0	0.9955478918888696	531UXi27EEuE	0.998138310621555	1.0	1.0	0.0	0.0	0.0	0.0	0.0	0.5388414990432451	1566397295492	432.2960000038147	0.9997612416388006
62	0.9999993312314088	live	phase_1	CONTROL	0.946176732794521	1.0	0.50227513151112	1.0	1566397305771	add_to_list_via_scatterplot_click	1.0	0.9940889297400928	531UXi27EEuE	0.9987081901143006	1.0	1.0	0.0	0.0	0.0	0.0	0.0	0.40741447440343237	1566397305783	442.58799982070923	0.9997150084851857
63	0.9999996504891663	live	phase_1	CONTROL	0.9404803857080628	1.0	0.46765876698784203	1.0	1566397306878	mouseout	1.0	0.9928064340341526	531UXi27EEuE	0.9991083622131511	1.0	1.0	0.0	0.0	0.0	0.0	0.0	0.27273357245109286	1566397306891	443.6949999332428	0.9996626387406308
64	0.9999998173419645	live	phase_1	CONTROL	0.9356510322340054	1.0	0.4324529351046833	1.0	1566397307538	add_to_list_via_scatterplot_click	1.0	0.9975842977108655	531UXi27EEuE	0.9993876865671201	1.0	1.0	0.0	0.0	0.0	0.0	0.0	0.306261172658999	1566397307552	444.3550000190735	0.9996037914135827
65	0.9999999045077935	live	phase_1	CONTROL	0.931891201353284	1.0	0.39675430564805114	1.0	1566397307629	mouseout	1.0	0.9992825157154738	531UXi27EEuE	0.999581547126811	1.0	1.0	0.0	0.0	0.0	0.0	0.0	0.33944713593461884	1566397307641	444.44599986076355	0.9995381695260119
66	0.9999999500434485	live	phase_1	CONTROL	0.929341631000755	1.0	0.36065886513457435	1.0	1566397309362	remove_from_list_via_card_click	1.0	0.9998107583302096	531UXi27EEuE	0.9997153612451989	1.0	1.0	0.0	0.0	0.0	0.0	0.0	0.3720270982434617	1566397309372	446.17899990081787	0.999465526792683
67	0.9999999738395895	live	phase_1	CONTROL	0.8977508571114567	1.0	0.5639468890028667	1.0	1566397318330	add_to_list_via_scatterplot_click	1.0	0.999676233588546	531UXi27EEuE	0.9998072479416739	1.0	1.0	0.0	0.0	0.0	0.0	0.0	0.24421839435245396	1566397318342	455.146999835968	0.999165502184815
68	0.999999986283438	live	phase_1	CONTROL	0.8856051509717145	1.0	0.7219201565763229	1.0	1566397318611	mouseout	1.0	0.99958684647816	531UXi27EEuE	0.9998700308926209	1.0	1.0	0.0	0.0	0.0	0.0	0.0	0.1520186868926986	1566397318624	455.4279999732971	0.998889561899608
69	0.9999999927971335	live	phase_1	CONTROL	0.9170887886267725	1.0	0.6973022206845394	1.0	1566397330314	add_to_list_via_scatterplot_click	1.0	0.9995349190909597	531UXi27EEuE	0.999912724569427	1.0	1.0	0.0	0.0	0.0	0.0	0.0	0.16034173143161667	1566397330326	467.1309998035431	0.9987122760112422
70	0.9999999962109863	live	phase_1	CONTROL	0.9421560267693809	1.0	0.671681135758294	1.0	1566397330478	mouseout	1.0	0.9994952910424972	531UXi27EEuE	0.9999416251862827	1.0	1.0	0.0	0.0	0.0	0.0	0.0	0.1891786656115274	1566397330491	467.29499983787537	0.9985165990656442
71	0.9999999944241986	live	phase_1	CONTROL	0.936796325206005	1.0	0.6451057118551128	1.0	1566397348131	add_to_list_via_scatterplot_click	1.0	0.9993805173709128	531UXi27EEuE	0.9999611037241201	1.0	1.0	0.0	0.0	0.0	0.0	0.0	0.11479440934853624	1566397348143	484.94799995422363	0.9983020279085612
72	0.9999999968973114	live	phase_1	CONTROL	0.9332491393088922	1.0	0.6176292056908407	1.0	1566397348346	mouseout	1.0	0.9992709515032098	531UXi27EEuE	0.9999741771853821	1.0	1.0	0.0	0.0	0.0	0.0	0.0	0.18533572824242905	1566397348357	485.16299986839294	0.9980682074174126
73	0.9999999982693195	live	phase_1	CONTROL	0.9280500530258315	1.0	0.5893087749860688	1.0	1566397358620	mouseout	1.0	0.9990783161723691	531UXi27EEuE	0.9999829166487353	1.0	1.0	0.0	0.0	0.0	0.0	0.0	0.13000448902380046	1566397358631	495.43699979782104	0.9978149399308504
74	0.9999999990321645	live	phase_1	CONTROL	0.8927584402441401	1.0	0.5602049225198246	1.0	1566397365546	mouseout	1.0	0.9984487744019337	531UXi27EEuE	0.9999887364721292	1.0	1.0	0.0	0.0	0.0	0.0	0.0	0.08432778994456536	1566397365559	502.36299991607666	0.9975421921566718
75	0.999999998275617	live	phase_1	CONTROL	0.8863980749271835	1.0	0.5303809378017051	1.0	1566397376035	add_to_list_via_scatterplot_click	1.0	0.9981843099212566	531UXi27EEuE	0.9999925977657941	1.0	1.0	0.0	0.0	0.0	0.0	0.0	0.14546433177698948	1566397376048	512.8519999980927	0.9972500994850745
76	0.9999999969858784	live	phase_1	CONTROL	0.8816706748878316	1.0	0.49990234353749674	1.0	1566397376628	mouseout	1.0	0.9980189626408197	531UXi27EEuE	0.9999951505696014	1.0	1.0	0.0	0.0	0.0	0.0	0.0	0.2183151876381897	1566397376640	513.4449999332428	0.9969389676993531
77	0.9999999948270996	live	phase_1	CONTROL	0.8787029042988914	1.0	0.4688363532840454	1.0	1566397386347	mouseout	1.0	0.9993596643518075	531UXi27EEuE	0.9999968325615554	1.0	1.0	0.0	0.0	0.0	0.0	0.0	0.16106494010605554	1566397386359	523.1639997959137	0.9966092721363141
78	0.9999999912765835	live	phase_1	CONTROL	0.877545171249091	1.0	0.4372513458890974	1.0	1566397400094	mouseout	1.0	0.9992864950876097	531UXi27EEuE	0.9999979371727828	1.0	1.0	0.0	0.0	0.0	0.0	0.0	0.1506779709605376	1566397400106	536.9110000133514	0.9962616544025079
79	0.9999999855344934	live	phase_1	CONTROL	0.8696128606512532	1.0	0.4052163615102393	1.0	1566397402562	mouseout	1.0	0.9991526126606665	531UXi27EEuE	0.9999986603227221	1.0	1.0	0.0	0.0	0.0	0.0	0.0	0.17671215275948982	1566397402575	539.3789999485016	0.9958969167988735
80	0.999999976396612	live	phase_1	CONTROL	0.8692899107813772	1.0	0.3728006232202239	1.0	1566397404079	mouseout	1.0	0.9990798622106781	531UXi27EEuE	0.9999991323120695	1.0	1.0	0.0	0.0	0.0	0.0	0.0	0.12586456295351423	1566397404094	540.8959999084473	0.9955160146449445
81	0.9999999620778873	live	phase_1	CONTROL	0.8707908209414225	1.0	0.34007308744715137	1.0	1566397412171	add_to_list_via_scatterplot_click	1.0	0.9989398080366035	531UXi27EEuE	0.9999994394758557	1.0	1.0	0.0	0.0	0.0	0.0	0.0	0.11197084526025547	1566397412183	548.9879999160767	0.9951200467241303
82	0.9999999399714771	live	phase_1	CONTROL	0.8739960241876559	1.0	0.30710202577784385	1.0	1566397412428	mouseout	1.0	0.99882017668243	531UXi27EEuE	0.9999996388130934	1.0	1.0	0.0	0.0	0.0	0.0	0.0	0.13485292273663319	1566397412441	549.2449998855591	0.9947102440938179
83	0.9999999063245596	live	phase_1	CONTROL	0.8664815788704022	1.0	0.27395463997934577	1.0	1566397413862	mouseout	1.0	0.9987300013566468	531UXi27EEuE	0.9999997678256121	1.0	1.0	0.0	0.0	0.0	0.0	0.0	0.09621239407711613	1566397413874	550.6789999008179	0.9942879575184608
84	0.9999998558083442	live	phase_1	CONTROL	0.8704769905087033	1.0	0.24069671147262317	1.0	1566397420475	add_to_list_via_scatterplot_click	1.0	0.999568509019276	531UXi27EEuE	0.9999998511059605	1.0	1.0	0.0	0.0	0.0	0.0	0.0	0.08039802426937404	1566397420487	557.2919998168945	0.9938546437909354
85	0.9999997809555492	live	phase_1	CONTROL	0.8759472911795957	1.0	0.20739228592809533	1.0	1566397421061	mouseout	1.0	0.9998665478379857	531UXi27EEuE	0.9999999047301514	1.0	1.0	0.0	0.0	0.0	0.0	0.0	0.0998055749355845	1566397421073	557.8780000209808	0.9934118512079501
86	0.9999996941362461	live	phase_1	CONTROL	0.8981877995398356	1.0	0.40994790226448075	1.0	1566397426629	mouseout	1.0	0.9998495801526349	531UXi27EEuE	0.99999993917505	1.0	1.0	0.0	0.0	0.0	0.0	0.0	0.12092243563692617	1566397426642	563.4459998607635	0.9929612044599544
87	0.999999784665922	live	phase_1	CONTROL	0.9027652357873998	1.0	0.37903536842983765	1.0	1566397431995	mouseout	1.0	0.9998270192836293	531UXi27EEuE	0.9999999612485723	1.0	1.0	0.0	0.0	0.0	0.0	0.0	0.14348338201538013	1566397432006	568.811999797821	0.9925043891856663
88	0.9999998481325844	live	phase_1	CONTROL	0.9082895310430157	1.0	0.3478108050800901	1.0	1566397433229	mouseout	1.0	0.9998087641861585	531UXi27EEuE	0.9999999753621103	1.0	1.0	0.0	0.0	0.0	0.0	0.0	0.1672175100877289	1566397433242	570.0460000038147	0.992043136426882
89	0.9999997386306443	live	phase_1	CONTROL	0.9145549435657991	1.0	0.31633383886347466	1.0	1566397435478	mouseout	1.0	0.9999419609517796	531UXi27EEuE	0.9999999843664334	1.0	1.0	0.0	0.0	0.0	0.0	0.0	0.19185989034334328	1566397435488	572.2949998378754	0.9915792072015194
90	0.9999995582317677	live	phase_1	CONTROL	0.9213489008308962	1.0	0.28466345013389627	1.0	1566397441828	mouseout	1.0	0.9999354717418535	531UXi27EEuE	0.9999999900989995	1.0	1.0	0.0	0.0	0.0	0.0	0.0	0.2171598580709202	1566397441841	578.6449999809265	0.9911143773926893
91	0.9999992661910716	live	phase_1	CONTROL	0.9284615830814232	1.0	0.25285767660369807	1.0	1566397473395	mouseout	1.0	0.9999816143727595	531UXi27EEuE	0.999999993741171	1.0	1.0	0.0	0.0	0.0	0.0	0.0	0.24288642685880268	1566397473407	610.2119998931885	0.9906504231297734
92	0.9999991504205346	live	phase_1	CONTROL	0.935694470577958	1.0	0.22097334210905006	1.0	1566397483096	mouseout	1.0	0.9999951827538004	531UXi27EEuE	0.9999999960506508	1.0	1.0	0.0	0.0	0.0	0.0	0.0	0.268831384458585	1566397483110	619.912999868393	0.9901891068146996
93	0.9999985547825373	live	phase_1	CONTROL	0.9456898736519888	1.0	0.18906581103271947	1.0	1566397485084	mouseout	1.0	0.9999942406039204	531UXi27EEuE	0.9999999975122839	1.0	1.0	0.0	0.0	0.0	0.0	0.0	0.1750075029745547	1566397485096	621.9010000228882	0.9869830057080969
94	0.999998166410576	live	phase_1	CONTROL	0.9389906138880165	1.0	0.1571887685907365	1.0	1566397485361	mouseout	1.0	0.9999877892055525	531UXi27EEuE	0.9999999984356196	1.0	1.0	0.0	0.0	0.0	0.0	0.0	0.19898305223796275	1566397485375	622.1779999732971	0.9964583272629176
95	0.999998531971221	live	phase_1	CONTROL	0.9448269752407531	1.0	0.12539402688613877	1.0	1566397489096	mouseout	1.0	0.9999865622547883	531UXi27EEuE	0.9999999990178616	1.0	1.0	0.0	0.0	0.0	0.0	0.0	0.2235086422148722	1566397489108	625.912999868393	0.99618592180003
96	0.9999974344672677	live	phase_1	CONTROL	0.95378544246015	1.0	0.09373135636471142	1.0	1566397523845	mouseout	1.0	0.9999843319139815	531UXi27EEuE	0.9999999978113246	1.0	1.0	0.0	0.0	0.0	0.0	0.0	0.24838247167488425	1566397523859	660.6619999408722	0.9959056106508087
97	0.9999956042175491	live	phase_1	CONTROL	0.948567258628501	1.0	0.29491512258637775	1.0	1566397524878	mouseout	1.0	0.9999816665331812	531UXi27EEuE	0.9999999986190306	1.0	1.0	0.0	0.0	0.0	0.0	0.0	0.27342276931395926	1566397524890	661.6949999332428	0.9956181939989954
98	0.9999926103029687	live	phase_1	CONTROL	0.9532143744128455	1.0	0.2644098362773082	1.0	1566397526348	mouseout	1.0	0.9999807421002324	531UXi27EEuE	0.9999999991301011	1.0	1.0	0.0	0.0	0.0	0.0	0.0	0.18248625440668464	1566397526361	663.164999961853	0.9953245251218474
99	0.9999940435364084	live	phase_1	CONTROL	0.9579176325190331	1.0	0.23380108207876682	1.0	1566397530262	mouseout	1.0	0.999980876931023	531UXi27EEuE	0.9999999994529125	1.0	1.0	0.0	0.0	0.0	0.0	0.0	0.2058162287152272	1566397530274	667.0789999961853	0.9950255035101297
100	0.9999901486924732	live	phase_1	CONTROL	0.9536367209155875	1.0	0.4199323580710539	1.0	1566397531378	mouseout	1.0	0.9999627737097633	531UXi27EEuE	0.9999999996564672	1.0	1.0	0.0	0.0	0.0	0.0	0.0	0.12560882861645573	1566397531392	668.1949999332428	0.9947220677158407
101	0.999992033821653	live	phase_1	CONTROL	0.9584216015853976	1.0	0.39155357271733326	1.0	1566397536500	mouseout	1.0	0.9999571453088308	531UXi27EEuE	0.9999999997846115	1.0	1.0	0.0	0.0	0.0	0.0	0.0	0.14609512576033956	1566397536513	673.316999912262	0.9944151880249122
102	0.9999870273045572	live	phase_1	CONTROL	0.9549713386889978	1.0	0.5555492718824981	1.0	1566397537412	mouseout	1.0	0.9999228154468536	531UXi27EEuE	0.9999999998651538	1.0	1.0	0.0	0.0	0.0	0.0	0.0	0.07971284905593223	1566397537426	674.2289998531342	0.9941058590481294
103	0.999989476374452	live	phase_1	CONTROL	0.959732029103783	1.0	0.5303870201034295	1.0	1566397538029	mouseout	1.0	0.9999134863831752	531UXi27EEuE	0.9999999999156987	1.0	1.0	0.0	0.0	0.0	0.0	0.0	0.0964383666564077	1566397538043	674.845999956131	0.9937950923183216
104	0.9999831128874125	live	phase_1	CONTROL	0.9643727670937516	1.0	0.6690080072962892	1.0	1566397539469	mouseout	1.0	0.9999169965393914	531UXi27EEuE	0.9999999999473707	1.0	1.0	0.0	0.0	0.0	0.0	0.0	0.045665140262269865	1566397539482	676.2860000133514	0.9934839089757164
105	0.9999862579208046	live	phase_1	CONTROL	0.9687824435231421	1.0	0.6476163735646506	1.0	1566397539829	mouseout	1.0	0.9999086409310682	531UXi27EEuE	0.9999999999671878	1.0	1.0	0.0	0.0	0.0	0.0	0.0	0.05813264610165203	1566397539840	676.6459999084473	0.9931733326164405
106	0.9999782547417739	live	phase_1	CONTROL	0.972434480551601	1.0	0.625593790499567	1.0	1566397543496	mouseout	1.0	0.9999160089178177	531UXi27EEuE	0.9999999999795698	1.0	1.0	0.0	0.0	0.0	0.0	0.0	0.02295784657115918	1566397543510	680.3129999637604	0.9928643823717009
107	0.9999827094966015	live	phase_1	CONTROL	0.9759128855135392	1.0	0.602966962699041	1.0	1566397544412	mouseout	1.0	0.9999090979689571	531UXi27EEuE	0.9999999999872955	1.0	1.0	0.0	0.0	0.0	0.0	0.0	0.031238250804428214	1566397544426	681.2289998531342	0.9925580662773776
108	0.9999870320064503	live	phase_1	CONTROL	0.9651689990297848	1.0	0.5797644728465035	1.0	1566397545412	mouseout	1.0	0.9998553647225928	531UXi27EEuE	0.9999999999921095	1.0	1.0	0.0	0.0	0.0	0.0	0.0	0.04109840267174403	1566397545426	682.2289998531342	0.9922553749857919
109	0.9999812846394853	live	phase_1	CONTROL	0.9576930236434775	1.0	0.5560166112181568	1.0	1566397547861	mouseout	1.0	0.9998088572966494	531UXi27EEuE	0.9999999999951054	1.0	1.0	0.0	0.0	0.0	0.0	0.0	0.014487278996434205	1566397547876	684.6779999732971	0.9859107019385981
110	0.9999814022889416	live	phase_1	CONTROL	0.9628522066879883	1.0	0.5317551997788651	1.0	1566397557796	mouseout	1.0	0.9999334496722989	531UXi27EEuE	0.9999999999969673	1.0	1.0	0.0	0.0	0.0	0.0	0.0	0.020567709140953516	1566397557810	694.6129999160767	0.9853537211714261
111	0.9999847443134035	live	phase_1	CONTROL	0.9677081834202366	1.0	0.5070134125412552	1.0	1566397560129	mouseout	1.0	0.9999396267005405	531UXi27EEuE	0.9999999999981231	1.0	1.0	0.0	0.0	0.0	0.0	0.0	0.028082088496736324	1566397560144	696.9459998607635	0.9848055260435261
112	0.9999874738868245	live	phase_1	CONTROL	0.9710356434106228	1.0	0.4818255937949476	1.0	1566397561428	mouseout	1.0	0.9999342001500497	531UXi27EEuE	0.9999999999988397	1.0	1.0	0.0	0.0	0.0	0.0	0.0	0.008715598052013163	1566397561442	698.2449998855591	0.9800030413700532
113	0.9999897051997512	live	phase_1	CONTROL	0.967285967029252	1.0	0.4562270757319984	1.0	1566397565129	mouseout	1.0	0.9998867000946324	531UXi27EEuE	0.9999999999992835	1.0	1.0	0.0	0.0	0.0	0.0	0.0	0.012982626869331049	1566397565145	701.9459998607635	0.9962320105325144
114	0.9999840025607676	live	phase_1	CONTROL	0.9711303016078402	1.0	0.4302539969029555	1.0	1566397566646	mouseout	1.0	0.9998171998845052	531UXi27EEuE	0.999999999999558	1.0	1.0	0.0	0.0	0.0	0.0	0.0	0.018482464204959803	1566397566661	703.4629998207092	0.9959888310020395
115	0.9999754851480753	live	phase_1	CONTROL	0.9745575737345903	1.0	0.4039431228375967	1.0	1566397567479	mouseout	1.0	0.9997228729253935	531UXi27EEuE	0.9999999999997277	1.0	1.0	0.0	0.0	0.0	0.0	0.0	0.0253128387611119	1566397567494	704.2960000038147	0.9957403931221601
116	0.9999797581585641	live	phase_1	CONTROL	0.9777952508119185	1.0	0.3773316700574505	1.0	1566397573863	mouseout	1.0	0.9999013000570907	531UXi27EEuE	0.9999999999998324	1.0	1.0	0.0	0.0	0.0	0.0	0.0	0.03353186281051057	1566397573879	710.6799998283386	0.9954873126608605
117	0.9999832721578286	live	phase_1	CONTROL	0.9749545110469937	1.0	0.3504571345955876	1.0	1566397587180	mouseout	1.0	0.9998770718096575	531UXi27EEuE	0.9999999999998969	1.0	1.0	0.0	0.0	0.0	0.0	0.0	0.011672390169810254	1566397587195	723.9969999790192	0.9952302354682856
118	0.9999861642109145	live	phase_1	CONTROL	0.9778988584196244	1.0	0.3233571260246719	1.0	1566397588528	mouseout	1.0	0.9998657180555789	531UXi27EEuE	0.9999999999999366	1.0	1.0	0.0	0.0	0.0	0.0	0.0	0.0026742235044486806	1566397588544	725.3450000286102	0.9939723438784579
119	0.9999789627767722	live	phase_1	CONTROL	0.9754590190242568	1.0	0.29606920787855406	1.0	1566397591628	mouseout	1.0	0.9998365526426105	531UXi27EEuE	0.9999999999999611	1.0	1.0	0.0	0.0	0.0	0.0	0.0	0.0003189556225648982	1566397591643	728.4449999332428	0.9936160029837883
120	0.999968421554706	live	phase_1	CONTROL	0.9786740920533021	1.0	0.2686307452372686	1.0	1566397593046	mouseout	1.0	0.9997612657306366	531UXi27EEuE	0.9999999999999761	1.0	1.0	0.0	0.0	0.0	0.0	0.0	0.0006894646849814334	1566397593061	729.8629999160767	0.9932537838106702
121	0.9999614854270716	live	phase_1	CONTROL	0.9766675355640174	1.0	0.24107876013146634	1.0	1566397593329	mouseout	1.0	0.9997166318073272	531UXi27EEuE	0.9999999999999853	1.0	1.0	0.0	0.0	0.0	0.0	0.0	0.0005801320528734388	1566397593344	730.1459999084473	0.9928865903913773
122	0.9999673932298538	live	phase_1	CONTROL	0.9750127515046261	1.0	0.21344979531127262	1.0	1566397603312	mouseout	1.0	0.9996718936586609	531UXi27EEuE	0.999999999999991	1.0	1.0	0.0	0.0	0.0	0.0	0.0	0.0027060102989149293	1566397603327	740.1289999485016	0.9925153577936271
123	0.99997237326267	live	phase_1	CONTROL	0.9784484968778923	1.0	0.1857797868172898	1.0	1566397622629	mouseout	1.0	0.9996439436885471	531UXi27EEuE	0.9999999999999946	1.0	1.0	0.0	0.0	0.0	0.0	0.0	0.008482837114118569	1566397622644	759.4459998607635	0.9911427954962433
124	0.9999765742543192	live	phase_1	CONTROL	0.9772281587793552	1.0	0.15810394568884023	1.0	1566397623695	mouseout	1.0	0.9995957205899254	531UXi27EEuE	0.9999999999999967	1.0	1.0	0.0	0.0	0.0	0.0	0.0	0.02022886716144534	1566397623709	760.5119998455048	0.9906564046161667
125	0.9999801206646847	live	phase_1	CONTROL	0.9764191431652014	1.0	0.13045664904722065	1.0	1566397626678	mouseout	1.0	0.9995514725581943	531UXi27EEuE	0.999999999999998	1.0	1.0	0.0	0.0	0.0	0.0	0.0	0.039721645064261124	1566397626692	763.4949998855591	0.9901638424253366
126	0.9999831167040845	live	phase_1	CONTROL	0.9760552580019555	1.0	0.10287134070034565	1.0	1566397627878	mouseout	1.0	0.999513437005928	531UXi27EEuE	0.9999999999999988	1.0	1.0	0.0	0.0	0.0	0.0	0.0	0.067692002281307	1566397627893	764.6949999332428	0.9896663203036355
127	0.9999745495453572	live	phase_1	CONTROL	0.9777773782058	1.0	0.0753804413300414	1.0	1566397629178	mouseout	1.0	0.9995356090092288	531UXi27EEuE	0.9999999999999992	1.0	1.0	0.0	0.0	0.0	0.0	0.0	0.046353408156667	1566397629193	765.9949998855591	0.9835690983713037
128	0.9999783400828327	live	phase_1	CONTROL	0.9806923432768627	1.0	0.04801526824474589	1.0	1566397630529	mouseout	1.0	0.9993488514526659	531UXi27EEuE	0.9999999999999996	1.0	1.0	0.0	0.0	0.0	0.0	0.0	0.029901477202871174	1566397630546	767.345999956131	0.9827436390079402
129	0.9999677036843054	live	phase_1	CONTROL	0.9741596187762198	1.0	0.020805964608723082	1.0	1566397638973	add_to_list_via_scatterplot_click	1.0	0.9990886844552439	531UXi27EEuE	0.9999999999999997	1.0	1.0	0.0	0.0	0.0	0.0	0.0	0.05344142520227724	1566397638988	775.789999961853	0.9819117868923934
130	0.9999524111680435	live	phase_1	CONTROL	0.970115934146264	1.0	0.0062185620059336255	1.0	1566397640695	mouseout	1.0	0.9989001086425706	531UXi27EEuE	0.9999999999999998	1.0	1.0	0.0	0.0	0.0	0.0	0.0	0.08505000627278447	1566397640710	777.5119998455048	0.9810755730721454
131	0.999930679360916	live	phase_1	CONTROL	0.9720196582739503	1.0	0.033030691956132174	1.0	1566397644213	mouseout	1.0	0.9985355144665603	531UXi27EEuE	0.9999999999999999	1.0	1.0	0.0	0.0	0.0	0.0	0.0	0.060949509393475765	1566397644228	781.0299999713898	0.9802370536120952
132	0.9999001449526905	live	phase_1	CONTROL	0.9713505500670876	1.0	0.14525162830309668	1.0	1566397645212	mouseout	1.0	0.9983958993940352	531UXi27EEuE	0.9999999999999999	1.0	1.0	0.0	0.0	0.0	0.0	0.0	0.0764528236048655	1566397645229	782.0289998054504	0.9793982986326059
133	0.9998577123951504	live	phase_1	CONTROL	0.9732510187228046	1.0	0.11843500367500659	1.0	1566397651909	add_to_list_via_scatterplot_click	1.0	0.9984917640638511	531UXi27EEuE	1.0	1.0	1.0	0.0	0.0	0.0	0.0	0.0	0.10417326146571126	1566397651926	788.7259998321533	0.9785613815685328
134	0.9997993733352639	live	phase_1	CONTROL	0.9752444370340736	1.0	0.0916843600562488	1.0	1566397654845	mouseout	1.0	0.9986333517931526	531UXi27EEuE	1.0	1.0	1.0	0.0	0.0	0.0	0.0	0.0	0.1356754788157909	1566397654861	791.6619999408722	0.9777283687255475
135	0.9997199953552689	live	phase_1	CONTROL	0.9780631501223807	1.0	0.2635576235363376	1.0	1566397683978	mouseout	1.0	0.9985017746506911	531UXi27EEuE	1.0	1.0	1.0	0.0	0.0	0.0	0.0	0.0	0.09646511095276078	1566397683994	820.7949998378754	0.9769013092023946
136	0.9996130784160984	live	phase_1	CONTROL	0.9738778557139522	1.0	0.23758576272702736	1.0	1566397685061	mouseout	1.0	0.998157219030787	531UXi27EEuE	1.0	1.0	1.0	0.0	0.0	0.0	0.0	0.0	0.1266109740229575	1566397685077	821.8780000209808	0.9681007269556599
137	0.9994704782436311	live	phase_1	CONTROL	0.9731379825939155	1.0	0.3979330440582467	1.0	1566397686447	mouseout	1.0	0.9976254442665807	531UXi27EEuE	1.0	1.0	1.0	0.0	0.0	0.0	0.0	0.0	0.15996148127295895	1566397686463	823.2639999389648	0.9668812602426742
138	0.9995427005097642	live	phase_1	CONTROL	0.9728613627599116	1.0	0.37357453832703347	1.0	1566397697878	mouseout_from_list	1.0	0.9960945623797485	531UXi27EEuE	1.0	1.0	1.0	0.0	0.0	0.0	0.0	0.0	0.12294055725569164	1566397697895	834.6949999332428	0.9656703187798776
139	0.9996049313835141	live	phase_1	CONTROL	0.9744993938907134	1.0	0.3489850821764495	1.0	1566397699895	mouseout_from_list	1.0	0.9965126400116435	531UXi27EEuE	1.0	1.0	1.0	0.0	0.0	0.0	0.0	0.0	0.1657764023047147	1566397699909	836.7119998931885	0.9644707479764306
140	0.9996585671045358	live	phase_1	CONTROL	0.9762415434223483	1.0	0.32419317945038206	1.0	1566397700463	mouseout_from_list	1.0	0.9969904633856382	531UXi27EEuE	1.0	1.0	1.0	0.0	0.0	0.0	0.0	0.0	0.2126884490656148	1566397700481	837.2799999713898	0.9632853415490858
141	0.9997048077256053	live	phase_1	CONTROL	0.9747591744998512	1.0	0.4737943687878654	1.0	1566397703312	mouseout_from_list	1.0	0.9967193007641458	531UXi27EEuE	1.0	1.0	1.0	0.0	0.0	0.0	0.0	0.0	0.2622216280759353	1566397703329	840.1289999485016	0.956998089819798
142	0.999744684678489	live	phase_1	CONTROL	0.9764203282762955	1.0	0.6035176688523747	1.0	1566397704463	remove_from_list_via_list_item_click	1.0	0.9968468107019778	531UXi27EEuE	1.0	1.0	1.0	0.0	0.0	0.0	0.0	0.0	0.31303491678564344	1566397704480	841.2799999713898	0.9528393350652504
143	0.9997790844936895	live	phase_1	CONTROL	0.978596700791513	1.0	0.583643225163885	1.0	1566397704861	mouseout_from_list	1.0	0.9964699185968231	531UXi27EEuE	1.0	1.0	1.0	0.0	0.0	0.0	0.0	0.0	0.2729478839544288	1566397704881	841.6779999732971	0.9509382615052725
144	0.9998087692018037	live	phase_1	CONTROL	0.9809389284868654	1.0	0.563341912683043	1.0	1566397706566	mouseout_from_list	1.0	0.996115558170528	531UXi27EEuE	1.0	1.0	1.0	0.0	0.0	0.0	0.0	0.0	0.23425462463392288	1566397706582	843.3829998970032	0.9490406651556264
145	0.999834393874063	live	phase_1	CONTROL	0.9804131502505451	1.0	0.5426326752867492	1.0	1566397710245	mouseout_from_list	1.0	0.9956884362778711	531UXi27EEuE	1.0	1.0	1.0	0.0	0.0	0.0	0.0	0.0	0.2835166816408581	1566397710262	847.061999797821	0.9471507003692285
146	0.9998565216982682	live	phase_1	CONTROL	0.9802112693243376	1.0	0.521535361432272	1.0	1566397711261	remove_from_list_via_list_item_click	1.0	0.9953020170082374	531UXi27EEuE	1.0	1.0	1.0	0.0	0.0	0.0	0.0	0.0	0.3335187496155725	1566397711278	848.077999830246	0.9452724847640128
147	0.9998756369328007	live	phase_1	CONTROL	0.9810650835388608	1.0	0.5000706445363717	1.0	1566397719995	mouseout_from_list	1.0	0.9959335500525371	531UXi27EEuE	1.0	1.0	1.0	0.0	0.0	0.0	0.0	0.0	0.3832561259513706	1566397720017	856.811999797821	0.9434100819865445
148	0.9998921560347672	live	phase_1	CONTROL	0.982032031002543	1.0	0.478259941470088	1.0	1566397723746	mouseout_from_list	1.0	0.9956226109040299	531UXi27EEuE	1.0	1.0	1.0	0.0	0.0	0.0	0.0	0.0	0.3434631237483341	1566397723763	860.5629999637604	0.9415674853886432
149	0.9999064372178129	live	phase_1	CONTROL	0.9830888635433365	1.0	0.4561253297023966	1.0	1566397724078	mouseout_from_list	1.0	0.9953697987382932	531UXi27EEuE	1.0	1.0	1.0	0.0	0.0	0.0	0.0	0.0	0.30415492137384703	1566397724096	860.8949999809265	0.9397486026832308
150	0.999918788659964	live	phase_1	CONTROL	0.984211937874761	1.0	0.4336894636109825	1.0	1566397724382	remove_from_list_via_list_item_click	1.0	0.9951853447368718	531UXi27EEuE	1.0	1.0	1.0	0.0	0.0	0.0	0.0	0.0	0.2657693557216114	1566397724399	861.1989998817444	0.9379572416323416
151	0.9999294755513839	live	phase_1	CONTROL	0.9853779733244403	1.0	0.4109754904600129	1.0	1566397729829	mouseout_from_list	1.0	0.9974576491941501	531UXi27EEuE	1.0	1.0	1.0	0.0	0.0	0.0	0.0	0.0	0.22876343068017013	1566397729847	866.6459999084473	0.9361970968075195
152	0.9999023426160232	live	phase_1	CONTROL	0.9872649936177746	1.0	0.3880069665235364	1.0	1566397731663	mouseout_from_list	1.0	0.997720704739636	531UXi27EEuE	1.0	1.0	1.0	0.0	0.0	0.0	0.0	0.0	0.27600844757282594	1566397731677	868.4800000190735	0.9344717374508117
153	0.9998659306018945	live	phase_1	CONTROL	0.9901805005972261	1.0	0.36480777380930385	1.0	1566397732097	mouseout_from_list	1.0	0.9981813873436907	531UXi27EEuE	1.0	1.0	1.0	0.0	0.0	0.0	0.0	0.0	0.32409558864944477	1566397732119	868.9139997959137	0.9327845964533099
154	0.9998174808505594	live	phase_1	CONTROL	0.9908623453167595	1.0	0.34140203781180867	1.0	1566397734562	mouseout_from_list	1.0	0.9984178658533953	531UXi27EEuE	1.0	1.0	1.0	0.0	0.0	0.0	0.0	0.0	0.37209860117669	1566397734583	871.3789999485016	0.931138960457793
155	0.9997535472676783	live	phase_1	CONTROL	0.9915140201377645	1.0	0.4827258788193072	1.0	1566397741694	mouseout	1.0	0.9983378798992248	531UXi27EEuE	1.0	1.0	1.0	0.0	0.0	0.0	0.0	0.0	0.3337965947201973	1566397741712	878.510999917984	0.9295379610824865
156	0.999669862555762	live	phase_1	CONTROL	0.990245113581167	1.0	0.4612054654739499	1.0	1566397746596	mouseout	1.0	0.9980582935333021	531UXi27EEuE	1.0	1.0	1.0	0.0	0.0	0.0	0.0	0.0	0.3812466373596395	1566397746615	883.412999868393	0.9109074435420721
157	0.9995611876988204	live	phase_1	CONTROL	0.9910593297712338	1.0	0.5869256430115618	1.0	1566397747966	add_to_list_via_scatterplot_click	1.0	0.9979872889582573	531UXi27EEuE	1.0	1.0	1.0	0.0	0.0	0.0	0.0	0.0	0.3433157844726805	1566397747985	884.7829999923706	0.9086950544677783
158	0.9994211446385505	live	phase_1	CONTROL	0.9919515511048174	1.0	0.6927815263538571	1.0	1566397748046	mouseout	1.0	0.9979475182197232	531UXi27EEuE	1.0	1.0	1.0	0.0	0.0	0.0	0.0	0.0	0.30582568205410765	1566397748064	884.8629999160767	0.90653785260925
159	0.9992420325634894	live	phase_1	CONTROL	0.9917211164281852	1.0	0.6765142801211355	1.0	1566397750886	add_to_list_via_scatterplot_click	1.0	0.9978487002058207	531UXi27EEuE	1.0	1.0	1.0	0.0	0.0	0.0	0.0	0.0	0.35265242514983397	1566397750904	887.702999830246	0.8942970808847616
160	0.9990146287886944	live	phase_1	CONTROL	0.9924393666137798	1.0	0.6598071612094356	1.0	1566397751012	mouseout	1.0	0.9979857039348251	531UXi27EEuE	1.0	1.0	1.0	0.0	0.0	0.0	0.0	0.0	0.3989564862928163	1566397751031	887.8289999961853	0.8930661669111095
161	0.9987279758249007	live	phase_1	CONTROL	0.9850449386890837	1.0	0.7515350509973812	1.0	1566397752395	mouseout	1.0	0.9976574672660036	531UXi27EEuE	1.0	1.0	1.0	0.0	0.0	0.0	0.0	0.0	0.3618064387805653	1566397752413	889.2119998931885	0.8817838080954973
162	0.9983691569096426	live	phase_1	CONTROL	0.9840021956297942	1.0	0.8239973463829375	1.0	1566397760614	add_to_list_via_scatterplot_click	1.0	0.9968761434677001	531UXi27EEuE	1.0	1.0	1.0	0.0	0.0	0.0	0.0	0.0	0.40752291361649085	1566397760633	897.430999994278	0.877786106758083
163	0.9979230629814566	live	phase_1	CONTROL	0.9831575028539122	1.0	0.8791081052267745	1.0	1566397761845	mouseout	1.0	0.9959941359503973	531UXi27EEuE	1.0	1.0	1.0	0.0	0.0	0.0	0.0	0.0	0.45203862826442287	1566397761862	898.6619999408722	0.8738155208642823
164	0.9973721548014267	live	phase_1	CONTROL	0.9703313631972837	1.0	0.9194887456443677	1.0	1566397763462	mouseout	1.0	0.9954090422001843	531UXi27EEuE	1.0	1.0	1.0	0.0	0.0	0.0	0.0	0.0	0.4159006088405919	1566397763480	900.2789998054504	0.8667166033603648
165	0.9966962246403692	live	phase_1	CONTROL	0.9692466392737852	1.0	0.9480129968344267	1.0	1566397765014	mouseout	1.0	0.9948194448659268	531UXi27EEuE	1.0	1.0	1.0	0.0	0.0	0.0	0.0	0.0	0.3795690385034456	1566397765032	901.8309998512268	0.862059253774285
166	0.9958721626290497	live	phase_1	CONTROL	0.9718268946026645	1.0	0.9674506723626298	1.0	1566397765829	mouseout	1.0	0.9946700531346937	531UXi27EEuE	1.0	1.0	1.0	0.0	0.0	0.0	0.0	0.0	0.42409258363250646	1566397765847	902.6459999084473	0.8574224136760524
167	0.9948737334858324	live	phase_1	CONTROL	0.9746092783163596	1.0	0.9643944725841718	1.0	1566397768279	mouseout	1.0	0.9940551646215291	531UXi27EEuE	1.0	1.0	1.0	0.0	0.0	0.0	0.0	0.0	0.46729199752519857	1566397768297	905.095999956131	0.8667371537114529
168	0.9936713698637942	live	phase_1	CONTROL	0.9774868287404221	1.0	0.9611188430945452	1.0	1566397769980	mouseout	1.0	0.9907028630855405	531UXi27EEuE	1.0	1.0	1.0	0.0	0.0	0.0	0.0	0.0	0.432102044407477	1566397770000	906.7969999313354	0.8617863440728147
169	0.9922319889713352	live	phase_1	CONTROL	0.9777752624887237	1.0	0.9576140939973256	1.0	1566397770745	mouseout	1.0	0.9915734764301956	531UXi27EEuE	1.0	1.0	1.0	0.0	0.0	0.0	0.0	0.0	0.4746498689049785	1566397770764	907.561999797821	0.8568384444035405
170	0.990518839392888	live	phase_1	CONTROL	0.9768501327652646	1.0	0.9736894215134445	1.0	1566397772245	mouseout	1.0	0.9895186289038354	531UXi27EEuE	1.0	1.0	1.0	0.0	0.0	0.0	0.0	0.0	0.439932353104184	1566397772260	909.061999797821	0.8519020940881015
171	0.9884913851494578	live	phase_1	CONTROL	0.9762355269892925	1.0	0.9711591066508718	1.0	1566397773645	mouseout	1.0	0.9892485813727129	531UXi27EEuE	1.0	1.0	1.0	0.0	0.0	0.0	0.0	0.0	0.4818342313321782	1566397773664	910.4619998931885	0.8469858462617933
172	0.9861052339777369	live	phase_1	CONTROL	0.9759503727274154	1.0	0.9824990368856397	1.0	1566397777996	mouseout_from_list	1.0	0.987048192327098	531UXi27EEuE	1.0	1.0	1.0	0.0	0.0	0.0	0.0	0.0	0.5220135960370982	1566397778016	914.8129999637604	0.8420981378057446
173	0.9875441130780838	live	phase_1	CONTROL	0.9760002736753102	1.0	0.9807094626403645	1.0	1566397781728	mouseout_from_list	1.0	0.981280772011851	531UXi27EEuE	1.0	1.0	1.0	0.0	0.0	0.0	0.0	0.0	0.4888493551213824	1566397781751	918.5449998378754	0.8372472611904631
174	0.9888357479709265	live	phase_1	CONTROL	0.976068524523516	1.0	0.9787746950703382	1.0	1566397782562	mouseout_from_list	1.0	0.9831764374608671	531UXi27EEuE	1.0	1.0	1.0	0.0	0.0	0.0	0.0	0.0	0.5283767120790326	1566397782585	919.3789999485016	0.8324413382590309
175	0.9909155897916816	live	phase_1	CONTROL	0.9763111473140896	1.0	0.976686648958405	1.0	1566397782861	mouseout_from_list	1.0	0.9852663591635455	531UXi27EEuE	1.0	1.0	1.0	0.0	0.0	0.0	0.0	0.0	0.5659747929904149	1566397782885	919.6779999732971	0.8276882960170311
176	0.9926231465103963	live	phase_1	CONTROL	0.9785825668445853	1.0	0.974437093436931	1.0	1566397784763	mouseout_from_list	1.0	0.9835052118539673	531UXi27EEuE	1.0	1.0	1.0	0.0	0.0	0.0	0.0	0.0	0.5345857355781605	1566397784782	921.579999923706	0.8229958444733033
177	0.994021550564486	live	phase_1	CONTROL	0.9809358617477046	1.0	0.9720176719505726	1.0	1566397785145	mouseout_from_list	1.0	0.981782136469309	531UXi27EEuE	1.0	1.0	1.0	0.0	0.0	0.0	0.0	0.0	0.5023888375412111	1566397785167	921.9619998931885	0.8183714565540534
178	0.9951640309783408	live	phase_1	CONTROL	0.9832925451719718	1.0	0.9694199235445227	1.0	1566397785862	mouseout_from_list	1.0	0.9801416592175412	531UXi27EEuE	1.0	1.0	1.0	0.0	0.0	0.0	0.0	0.0	0.46953294827391345	1566397785885	922.6789999008179	0.8138223500926982
179	0.9946450697367822	live	phase_1	CONTROL	0.9833347607820151	1.0	0.9666353053990523	1.0	1566397789096	mouseout_from_list	1.0	0.9827975902172282	531UXi27EEuE	1.0	1.0	1.0	0.0	0.0	0.0	0.0	0.0	0.5089215680231174	1566397789114	925.912999868393	0.8093554718793552
180	0.9942251374474383	live	phase_1	CONTROL	0.9834971101130441	1.0	0.9636552165214919	1.0	1566397790012	mouseout_from_list	1.0	0.9889650516868516	531UXi27EEuE	1.0	1.0	1.0	0.0	0.0	0.0	0.0	0.0	0.4765212013307317	1566397790033	926.8289999961853	0.8049774837371135
181	0.995016307234977	live	phase_1	CONTROL	0.9837742867057772	1.0	0.9604710224977305	1.0	1566397790762	mouseout_from_list	1.0	0.9932312474495645	531UXi27EEuE	1.0	1.0	1.0	0.0	0.0	0.0	0.0	0.0	0.44360524295452775	1566397790783	927.5789999961853	0.8006947505772293
182	0.994214871722395	live	phase_1	CONTROL	0.986726644677411	1.0	0.9570740811969325	1.0	1566397792246	mouseout_from_list	1.0	0.9943052913090249	531UXi27EEuE	1.0	1.0	1.0	0.0	0.0	0.0	0.0	0.0	0.4833521007324506	1566397792265	929.0629999637604	0.7965133303722127
183	0.9933060427167718	live	phase_1	CONTROL	0.9901972403493039	1.0	0.9534557693155357	1.0	1566397792795	mouseout_from_list	1.0	0.9956429266290412	531UXi27EEuE	1.0	1.0	1.0	0.0	0.0	0.0	0.0	0.0	0.5215335208372555	1566397792818	929.6119999885559	0.7924389659744026
184	0.9922786906830637	live	phase_1	CONTROL	0.9903227059851301	1.0	0.9496075096397869	1.0	1566397794096	mouseout_from_list	1.0	0.9962568337475072	531UXi27EEuE	1.0	1.0	1.0	0.0	0.0	0.0	0.0	0.0	0.5579671794210213	1566397794114	930.912999868393	0.7884770786980341
185	0.9911209572000493	live	phase_1	CONTROL	0.9905142411866621	1.0	0.9455207989001251	1.0	1566397794579	mouseout_from_list	1.0	0.9968664606161783	531UXi27EEuE	1.0	1.0	1.0	0.0	0.0	0.0	0.0	0.0	0.5925335224847118	1566397794605	931.3959999084473	0.7846327635749542
186	0.989820254453544	live	phase_1	CONTROL	0.9915205668387201	1.0	0.9648854211877566	1.0	1566397797862	mouseout_from_list	1.0	0.9966277445644562	531UXi27EEuE	1.0	1.0	1.0	0.0	0.0	0.0	0.0	0.0	0.5634695195369419	1566397797881	934.6789999008179	0.7809107861879564
187	0.9886216071710565	live	phase_1	CONTROL	0.9925342791537689	1.0	0.9779842486847105	1.0	1566397798129	mouseout_from_list	1.0	0.9964217812589055	531UXi27EEuE	1.0	1.0	1.0	0.0	0.0	0.0	0.0	0.0	0.5335673581077779	1566397798150	934.9459998607635	0.7773155809811115
188	0.9875873942166683	live	phase_1	CONTROL	0.9929993003180971	1.0	0.975923840703999	1.0	1566397799163	mouseout_from_list	1.0	0.9965827875068228	531UXi27EEuE	1.0	1.0	1.0	0.0	0.0	0.0	0.0	0.0	0.5688425298780907	1566397799188	935.9800000190735	0.7930898159606072
189	0.9864794487192458	live	phase_1	CONTROL	0.9926081366356023	1.0	0.9852166889199911	1.0	1566397800595	mouseout_from_list	1.0	0.9957524321025101	531UXi27EEuE	1.0	1.0	1.0	0.0	0.0	0.0	0.0	0.0	0.6022849792042001	1566397800615	937.4119999408722	0.7890183129312671
190	0.9852942194977008	live	phase_1	CONTROL	0.9923026077251366	1.0	0.991166712171912	1.0	1566397801462	mouseout_from_list	1.0	0.9948864986283291	531UXi27EEuE	1.0	1.0	1.0	0.0	0.0	0.0	0.0	0.0	0.6338429790419791	1566397801484	938.2789998054504	0.7850567555969532
191	0.9878139662354746	live	phase_1	CONTROL	0.9920927232805783	1.0	0.9902257413162895	1.0	1566397802778	mouseout_from_list	1.0	0.9926811291595452	531UXi27EEuE	1.0	1.0	1.0	0.0	0.0	0.0	0.0	0.0	0.6069887476715089	1566397802803	939.5950000286102	0.7812100810573316
192	0.9899208308996543	live	phase_1	CONTROL	0.992097590378012	1.0	0.9892025812921816	1.0	1566397804330	mouseout_from_list	1.0	0.9938442587153846	531UXi27EEuE	1.0	1.0	1.0	0.0	0.0	0.0	0.0	0.0	0.6380288777834224	1566397804350	941.146999835968	0.7774829159628865
193	0.9916784414393317	live	phase_1	CONTROL	0.9929785073183636	1.0	0.988091899036474	1.0	1566397805695	mouseout_from_list	1.0	0.9929861505386323	531UXi27EEuE	1.0	1.0	1.0	0.0	0.0	0.0	0.0	0.0	0.6115824834283623	1566397805715	942.5119998455048	0.7738795747508582
194	0.9931414723702086	live	phase_1	CONTROL	0.9938522292950527	1.0	0.986888177112545	1.0	1566397806862	mouseout_from_list	1.0	0.9921122236317985	531UXi27EEuE	1.0	1.0	1.0	0.0	0.0	0.0	0.0	0.0	0.5842225396528267	1566397806886	943.6789999008179	0.770404059145932
195	0.9924911119301106	live	phase_1	CONTROL	0.9938405682852	1.0	0.9855857196974124	1.0	1566397808022	mouseout_from_list	1.0	0.9934612802872553	531UXi27EEuE	1.0	1.0	1.0	0.0	0.0	0.0	0.0	0.0	0.616069498968493	1566397808041	944.8389999866486	0.7670600588314294
196	0.9928247575515502	live	phase_1	CONTROL	0.9938716488329402	1.0	0.9841786595775008	1.0	1566397812511	mouseout_from_list	1.0	0.9947097085418865	531UXi27EEuE	1.0	1.0	1.0	0.0	0.0	0.0	0.0	0.0	0.6461098471791324	1566397812532	949.327999830246	0.7638509531960689
197	0.9938069636821618	live	phase_1	CONTROL	0.9939442064845744	1.0	0.9826609661570883	1.0	1566397813967	remove_from_list_via_list_item_click	1.0	0.995823125138931	531UXi27EEuE	1.0	1.0	1.0	0.0	0.0	0.0	0.0	0.0	0.6743415626175417	1566397813987	950.7839999198914	0.760779814061757
198	0.9929080083240283	live	phase_1	CONTROL	0.9937047722883734	1.0	0.9894371152675699	1.0	1566397818278	mouseout	1.0	0.99501398464258	531UXi27EEuE	1.0	1.0	1.0	0.0	0.0	0.0	0.0	0.0	0.650010845692608	1566397818299	955.0950000286102	0.7578494092991142
199	0.991900708974423	live	phase_1	CONTROL	0.9935411330387729	1.0	0.9883675610406136	1.0	1566397821711	mouseout	1.0	0.9945938022829394	531UXi27EEuE	1.0	1.0	1.0	0.0	0.0	0.0	0.0	0.0	0.6777897874147152	1566397821733	958.5279998779297	0.7550622072395609
200	0.9907750573836859	live	phase_1	CONTROL	0.9942936144315244	1.0	0.9872096176833436	1.0	1566397823829	mouseout	1.0	0.9938821587811859	531UXi27EEuE	1.0	1.0	1.0	0.0	0.0	0.0	0.0	0.0	0.6538226294194133	1566397823849	960.6459999084473	0.7524203817955428
201	0.9895204807680106	live	phase_1	CONTROL	0.9943287717159601	1.0	0.992310326885333	1.0	1566397825013	mouseout	1.0	0.9934382001320824	531UXi27EEuE	1.0	1.0	1.0	0.0	0.0	0.0	0.0	0.0	0.6811596647157154	1566397825034	961.829999923706	0.7499258182039177
202	0.9881258464226256	live	phase_1	CONTROL	0.99440128080301	1.0	0.9915040221983165	1.0	1566397826279	mouseout	1.0	0.9948346893161448	531UXi27EEuE	1.0	1.0	1.0	0.0	0.0	0.0	0.0	0.0	0.7067729405446417	1566397826299	963.095999956131	0.7475801193113639
203	0.986579470200962	live	phase_1	CONTROL	0.9945092048201661	1.0	0.9949895445212549	1.0	1566397827546	mouseout	1.0	0.9960304482445098	531UXi27EEuE	1.0	1.0	1.0	0.0	0.0	0.0	0.0	0.0	0.730704351164376	1566397827568	964.3629999160767	0.7453846123250409
204	0.9848691290105959	live	phase_1	CONTROL	0.9943472110707922	1.0	0.997119285148431	1.0	1566397832543	add_to_list_via_scatterplot_click	1.0	0.9953223833222411	531UXi27EEuE	1.0	1.0	1.0	0.0	0.0	0.0	0.0	0.0	0.7096662230607351	1566397832565	969.3599998950958	0.7433403559562666
205	0.9829820774469632	live	phase_1	CONTROL	0.9942536635486159	1.0	0.9983850173436153	1.0	1566397832762	mouseout	1.0	0.9946429915525814	531UXi27EEuE	1.0	1.0	1.0	0.0	0.0	0.0	0.0	0.0	0.6876738811070424	1566397832783	969.5789999961853	0.7414481478899042
206	0.9855611613885367	live	phase_1	CONTROL	0.9942309068105903	1.0	0.9981834548847511	1.0	1566397836462	mouseout_from_list	1.0	0.9925773516427263	531UXi27EEuE	1.0	1.0	1.0	0.0	0.0	0.0	0.0	0.0	0.6647492719522297	1566397836484	973.2789998054504	0.7397085325170891
207	0.9878917565660225	live	phase_1	CONTROL	0.9943122591501192	1.0	0.997960267507294	1.0	1566397837295	mouseout_from_list	1.0	0.9943294272601333	531UXi27EEuE	1.0	1.0	1.0	0.0	0.0	0.0	0.0	0.0	0.6908227549221637	1566397837317	974.1119999885559	0.7381218088740054
208	0.9898628023597104	live	phase_1	CONTROL	0.9943370710802473	1.0	0.9977135583895901	1.0	1566397839812	mouseout_from_list	1.0	0.992559971172841	531UXi27EEuE	1.0	1.0	1.0	0.0	0.0	0.0	0.0	0.0	0.6682303087818285	1566397839840	976.6289999485016	0.7366880387345246
209	0.9890087125091824	live	phase_2	CONTROL	0.994732506571722	1.0	0.9974413089008439	1.0	1566398550347	mouseout_from_list	1.0	0.9929754518211985	531UXi27EEuE	1.0	1.0	1.0	0.0	0.0	0.0	0.0	0.0	0.6939023577673129	1566398550370	1687.1639997959137	0.7563811685774757
210	0.9880977687937919	live	phase_2	CONTROL	0.990714211033956	1.0	0.9985636726051461	1.0	1566398563830	mouseout	1.0	0.9919542701134154	531UXi27EEuE	1.0	1.0	1.0	0.0	0.0	0.0	0.0	0.0	0.6716347313669113	1566398563851	1700.646999835968	0.7197432875248799
